Date,Flow (MGD),Velocity (ft/s),Depth (inches),Rainfall (inches)
2018-04-01 00:00:00,0.09,0.63,3.14,0.0
2018-04-01 00:15:00,0.09,0.62,3.12,0.0
2018-04-01 00:30:00,0.09,0.6,3.14,0.0
2018-04-01 00:45:00,0.09,0.6,3.16,0.0
2018-04-01 01:00:00,0.1,0.68,3.07,0.0
2018-04-01 01:15:00,0.1,0.68,3.1,0.0
2018-04-01 01:30:00,0.09,0.66,3.09,0.0
2018-04-01 01:45:00,0.1,0.71,3.09,0.0
2018-04-01 02:00:00,0.09,0.67,3.07,0.0
2018-04-01 02:15:00,0.1,0.74,3.08,0.0
2018-04-01 02:30:00,0.1,0.68,3.13,0.0
2018-04-01 02:45:00,0.09,0.65,3.11,0.0
2018-04-01 03:00:00,0.09,0.64,3.07,0.0
2018-04-01 03:15:00,0.09,0.61,3.1,0.0
2018-04-01 03:30:00,0.11,0.78,3.12,0.0
2018-04-01 03:45:00,0.1,0.67,3.12,0.0
2018-04-01 04:00:00,0.09,0.65,3.09,0.0
2018-04-01 04:15:00,0.11,0.74,3.13,0.0
2018-04-01 04:30:00,0.09,0.66,3.13,0.0
2018-04-01 04:45:00,0.1,0.68,3.13,0.0
2018-04-01 05:00:00,0.1,0.7,3.13,0.0
2018-04-01 05:15:00,0.1,0.69,3.13,0.0
2018-04-01 05:30:00,0.1,0.69,3.12,0.0
2018-04-01 05:45:00,0.1,0.67,3.12,0.0
2018-04-01 06:00:00,0.09,0.65,3.11,0.0
2018-04-01 06:15:00,0.1,0.72,3.1,0.0
2018-04-01 06:30:00,0.1,0.71,3.09,0.0
2018-04-01 06:45:00,0.1,0.71,3.15,0.0
2018-04-01 07:00:00,0.1,0.67,3.14,0.0
2018-04-01 07:15:00,0.1,0.69,3.13,0.0
2018-04-01 07:30:00,0.11,0.73,3.17,0.0
2018-04-01 07:45:00,0.1,0.64,3.33,0.0
2018-04-01 08:00:00,0.1,0.68,3.25,0.0
2018-04-01 08:15:00,0.11,0.69,3.27,0.0
2018-04-01 08:30:00,0.1,0.66,3.24,0.0
2018-04-01 08:45:00,0.1,0.67,3.21,0.0
2018-04-01 09:00:00,0.11,0.7,3.24,0.0
2018-04-01 09:15:00,0.11,0.71,3.23,0.0
2018-04-01 09:30:00,0.1,0.66,3.33,0.0
2018-04-01 09:45:00,0.12,0.82,3.21,0.0
2018-04-01 10:00:00,0.11,0.74,3.19,0.0
2018-04-01 10:15:00,0.11,0.72,3.18,0.0
2018-04-01 10:30:00,0.09,0.57,3.24,0.0
2018-04-01 10:45:00,0.11,0.75,3.23,0.0
2018-04-01 11:00:00,0.1,0.68,3.22,0.0
2018-04-01 11:15:00,0.11,0.67,3.32,0.0
2018-04-01 11:30:00,0.11,0.7,3.32,0.0
2018-04-01 11:45:00,0.1,0.64,3.3,0.0
2018-04-01 12:00:00,0.1,0.66,3.27,0.0
2018-04-01 12:15:00,0.11,0.72,3.25,0.0
2018-04-01 12:30:00,0.11,0.67,3.36,0.0
2018-04-01 12:45:00,0.1,0.63,3.28,0.0
2018-04-01 13:00:00,0.11,0.71,3.19,0.0
2018-04-01 13:15:00,0.1,0.67,3.29,0.0
2018-04-01 13:30:00,0.13,0.84,3.32,0.0
2018-04-01 13:45:00,0.1,0.65,3.31,0.0
2018-04-01 14:00:00,0.11,0.67,3.33,0.0
2018-04-01 14:15:00,0.11,0.68,3.46,0.0
2018-04-01 14:30:00,0.11,0.72,3.27,0.0
2018-04-01 14:45:00,0.1,0.68,3.28,0.0
2018-04-01 15:00:00,0.1,0.65,3.25,0.0
2018-04-01 15:15:00,0.09,0.62,3.21,0.0
2018-04-01 15:30:00,0.1,0.62,3.29,0.0
2018-04-01 15:45:00,0.12,0.73,3.33,0.0
2018-04-01 16:00:00,0.11,0.71,3.22,0.0
2018-04-01 16:15:00,0.1,0.67,3.28,0.0
2018-04-01 16:30:00,0.07,0.44,3.24,0.0
2018-04-01 16:45:00,0.1,0.67,3.23,0.0
2018-04-01 17:00:00,0.09,0.6,3.23,0.0
2018-04-01 17:15:00,0.1,0.7,3.16,0.0
2018-04-01 17:30:00,0.1,0.67,3.29,0.0
2018-04-01 17:45:00,0.11,0.75,3.22,0.0
2018-04-01 18:00:00,0.1,0.67,3.22,0.0
2018-04-01 18:15:00,0.1,0.6,3.39,0.0
2018-04-01 18:30:00,0.09,0.64,3.18,0.0
2018-04-01 18:45:00,0.1,0.66,3.24,0.0
2018-04-01 19:00:00,0.1,0.66,3.19,0.0
2018-04-01 19:15:00,0.12,0.78,3.22,0.0
2018-04-01 19:30:00,0.11,0.69,3.26,0.0
2018-04-01 19:45:00,0.1,0.7,3.21,0.0
2018-04-01 20:00:00,0.11,0.73,3.27,0.0
2018-04-01 20:15:00,0.1,0.7,3.18,0.0
2018-04-01 20:30:00,0.12,0.71,3.41,0.0
2018-04-01 20:45:00,0.1,0.67,3.23,0.0
2018-04-01 21:00:00,0.1,0.64,3.24,0.0
2018-04-01 21:15:00,0.11,0.7,3.32,0.0
2018-04-01 21:30:00,0.1,0.68,3.29,0.0
2018-04-01 21:45:00,0.1,0.68,3.22,0.0
2018-04-01 22:00:00,0.11,0.74,3.17,0.0
2018-04-01 22:15:00,0.09,0.6,3.28,0.0
2018-04-01 22:30:00,0.1,0.67,3.17,0.0
2018-04-01 22:45:00,0.11,0.73,3.17,0.0
2018-04-01 23:00:00,0.12,0.78,3.21,0.0
2018-04-01 23:15:00,0.1,0.66,3.17,0.0
2018-04-01 23:30:00,0.1,0.64,3.21,0.0
2018-04-01 23:45:00,0.09,0.66,3.09,0.0
2018-04-02 00:00:00,0.09,0.61,3.13,0.0
2018-04-02 00:15:00,0.09,0.63,3.1,0.0
2018-04-02 00:30:00,0.08,0.57,3.06,0.0
2018-04-02 00:45:00,0.09,0.65,3.07,0.0
2018-04-02 01:00:00,0.09,0.67,3.03,0.0
2018-04-02 01:15:00,0.09,0.63,3.12,0.0
2018-04-02 01:30:00,0.09,0.63,3.1,0.0
2018-04-02 01:45:00,0.09,0.6,3.14,0.0
2018-04-02 02:00:00,0.1,0.68,3.1,0.0
2018-04-02 02:15:00,0.09,0.65,3.14,0.0
2018-04-02 02:30:00,0.1,0.66,3.15,0.0
2018-04-02 02:45:00,0.09,0.65,3.12,0.0
2018-04-02 03:00:00,0.09,0.66,3.1,0.0
2018-04-02 03:15:00,0.1,0.68,3.11,0.0
2018-04-02 03:30:00,0.1,0.7,3.15,0.0
2018-04-02 03:45:00,0.09,0.61,3.13,0.0
2018-04-02 04:00:00,0.1,0.67,3.12,0.0
2018-04-02 04:15:00,0.1,0.67,3.11,0.0
2018-04-02 04:30:00,0.09,0.66,3.1,0.0
2018-04-02 04:45:00,0.1,0.67,3.15,0.0
2018-04-02 05:00:00,0.1,0.68,3.11,0.0
2018-04-02 05:15:00,0.1,0.72,3.07,0.0
2018-04-02 05:30:00,0.11,0.76,3.12,0.0
2018-04-02 05:45:00,0.1,0.72,3.09,0.0
2018-04-02 06:00:00,0.09,0.6,3.1,0.0
2018-04-02 06:15:00,0.09,0.64,3.11,0.0
2018-04-02 06:30:00,0.1,0.68,3.17,0.0
2018-04-02 06:45:00,0.1,0.71,3.18,0.0
2018-04-02 07:00:00,0.11,0.72,3.25,0.0
2018-04-02 07:15:00,0.11,0.72,3.18,0.0
2018-04-02 07:30:00,0.11,0.71,3.24,0.0
2018-04-02 07:45:00,0.11,0.74,3.18,0.0
2018-04-02 08:00:00,0.1,0.64,3.24,0.0
2018-04-02 08:15:00,0.1,0.66,3.22,0.0
2018-04-02 08:30:00,0.1,0.67,3.12,0.0
2018-04-02 08:45:00,0.1,0.7,3.2,0.0
2018-04-02 09:00:00,0.12,0.79,3.19,0.0
2018-04-02 09:15:00,0.11,0.73,3.19,0.0
2018-04-02 09:30:00,0.1,0.69,3.24,0.0
2018-04-02 09:45:00,0.1,0.68,3.14,0.0
2018-04-02 10:00:00,0.1,0.67,3.19,0.0
2018-04-02 10:15:00,0.09,0.63,3.21,0.0
2018-04-02 10:30:00,0.09,0.62,3.21,0.0
2018-04-02 10:45:00,0.1,0.68,3.19,0.0
2018-04-02 11:00:00,0.11,0.7,3.21,0.0
2018-04-02 11:15:00,0.1,0.65,3.17,0.0
2018-04-02 11:30:00,0.1,0.69,3.15,0.0
2018-04-02 11:45:00,0.09,0.63,3.23,0.0
2018-04-02 12:00:00,0.1,0.68,3.25,0.0
2018-04-02 12:15:00,0.11,0.74,3.2,0.0
2018-04-02 12:30:00,0.1,0.68,3.14,0.0
2018-04-02 12:45:00,0.1,0.71,3.15,0.0
2018-04-02 13:00:00,0.1,0.68,3.15,0.0
2018-04-02 13:15:00,0.1,0.65,3.19,0.0
2018-04-02 13:30:00,0.1,0.69,3.13,0.0
2018-04-02 13:45:00,0.1,0.7,3.13,0.0
2018-04-02 14:00:00,0.1,0.7,3.18,0.0
2018-04-02 14:15:00,0.11,0.75,3.11,0.0
2018-04-02 14:30:00,0.1,0.69,3.11,0.0
2018-04-02 14:45:00,0.1,0.66,3.2,0.0
2018-04-02 15:00:00,0.11,0.72,3.17,0.0
2018-04-02 15:15:00,0.1,0.67,3.14,0.0
2018-04-02 15:30:00,0.09,0.67,3.07,0.0
2018-04-02 15:45:00,0.1,0.68,3.11,0.0
2018-04-02 16:00:00,0.1,0.72,3.13,0.0
2018-04-02 16:15:00,0.1,0.65,3.14,0.0
2018-04-02 16:30:00,0.09,0.62,3.18,0.0
2018-04-02 16:45:00,0.1,0.7,3.14,0.0
2018-04-02 17:00:00,0.1,0.69,3.17,0.0
2018-04-02 17:15:00,0.09,0.6,3.21,0.0
2018-04-02 17:30:00,0.09,0.62,3.19,0.0
2018-04-02 17:45:00,0.09,0.64,3.16,0.0
2018-04-02 18:00:00,0.1,0.69,3.15,0.0
2018-04-02 18:15:00,0.1,0.66,3.19,0.0
2018-04-02 18:30:00,0.1,0.68,3.16,0.0
2018-04-02 18:45:00,0.13,0.92,3.15,0.0
2018-04-02 19:00:00,0.09,0.62,3.16,0.0
2018-04-02 19:15:00,0.1,0.69,3.11,0.0
2018-04-02 19:30:00,0.11,0.73,3.21,0.0
2018-04-02 19:45:00,0.11,0.71,3.22,0.0
2018-04-02 20:00:00,0.14,0.92,3.3,0.0
2018-04-02 20:15:00,0.14,0.91,3.26,0.0
2018-04-02 20:30:00,0.1,0.67,3.25,0.0
2018-04-02 20:45:00,0.1,0.67,3.15,0.0
2018-04-02 21:00:00,0.11,0.71,3.2,0.0
2018-04-02 21:15:00,0.1,0.64,3.23,0.0
2018-04-02 21:30:00,0.11,0.73,3.15,0.0
2018-04-02 21:45:00,0.1,0.65,3.22,0.0
2018-04-02 22:00:00,0.1,0.67,3.19,0.0
2018-04-02 22:15:00,0.11,0.74,3.18,0.0
2018-04-02 22:30:00,0.09,0.63,3.19,0.0
2018-04-02 22:45:00,0.11,0.75,3.23,0.0
2018-04-02 23:00:00,0.11,0.71,3.24,0.0
2018-04-02 23:15:00,0.1,0.66,3.29,0.0
2018-04-02 23:30:00,0.09,0.62,3.16,0.0
2018-04-02 23:45:00,0.09,0.63,3.16,0.0
2018-04-03 00:00:00,0.09,0.58,3.19,0.0
2018-04-03 00:15:00,0.09,0.66,3.09,0.0
2018-04-03 00:30:00,0.11,0.75,3.09,0.0
2018-04-03 00:45:00,0.1,0.64,3.18,0.0
2018-04-03 01:00:00,0.09,0.69,3.03,0.0
2018-04-03 01:15:00,0.09,0.68,3.06,0.0
2018-04-03 01:30:00,0.09,0.66,3.08,0.0
2018-04-03 01:45:00,0.12,0.83,3.05,0.0
2018-04-03 02:00:00,0.1,0.75,3.07,0.0
2018-04-03 02:15:00,0.09,0.67,3.02,0.0
2018-04-03 02:30:00,0.09,0.67,3.03,0.0
2018-04-03 02:45:00,0.1,0.71,3.05,0.0
2018-04-03 03:00:00,0.09,0.63,3.02,0.0
2018-04-03 03:15:00,0.09,0.63,3.0,0.0
2018-04-03 03:30:00,0.1,0.71,3.0,0.0
2018-04-03 03:45:00,0.09,0.64,2.99,0.0
2018-04-03 04:00:00,0.08,0.61,3.01,0.0
2018-04-03 04:15:00,0.14,1.0,3.02,0.0
2018-04-03 04:30:00,0.09,0.66,3.01,0.0
2018-04-03 04:45:00,0.1,0.72,3.01,0.0
2018-04-03 05:00:00,0.09,0.64,3.04,0.0
2018-04-03 05:15:00,0.1,0.7,3.06,0.0
2018-04-03 05:30:00,0.1,0.68,3.08,0.0
2018-04-03 05:45:00,0.1,0.68,3.24,0.0
2018-04-03 06:00:00,0.1,0.72,3.1,0.0
2018-04-03 06:15:00,0.1,0.7,3.09,0.0
2018-04-03 06:30:00,0.11,0.72,3.14,0.0
2018-04-03 06:45:00,0.1,0.67,3.15,0.0
2018-04-03 07:00:00,0.1,0.69,3.18,0.0
2018-04-03 07:15:00,0.09,0.58,3.22,0.0
2018-04-03 07:30:00,0.11,0.68,3.29,0.0
2018-04-03 07:45:00,0.1,0.64,3.28,0.0
2018-04-03 08:00:00,0.11,0.77,3.16,0.0
2018-04-03 08:15:00,0.1,0.68,3.16,0.0
2018-04-03 08:30:00,0.11,0.77,3.17,0.0
2018-04-03 08:45:00,0.1,0.68,3.2,0.0
2018-04-03 09:00:00,0.1,0.72,3.14,0.0
2018-04-03 09:15:00,0.1,0.69,3.11,0.0
2018-04-03 09:30:00,0.1,0.66,3.25,0.0
2018-04-03 09:45:00,0.1,0.69,3.17,0.0
2018-04-03 10:00:00,0.1,0.68,3.18,0.0
2018-04-03 10:15:00,0.1,0.71,3.1,0.0
2018-04-03 10:30:00,0.1,0.67,3.19,0.0
2018-04-03 10:45:00,0.11,0.73,3.13,0.0
2018-04-03 11:00:00,0.1,0.7,3.18,0.0
2018-04-03 11:15:00,0.15,0.99,3.21,0.0
2018-04-03 11:30:00,0.1,0.69,3.12,0.0
2018-04-03 11:45:00,0.1,0.71,3.09,0.0
2018-04-03 12:00:00,0.1,0.66,3.14,0.0
2018-04-03 12:15:00,0.1,0.66,3.2,0.0
2018-04-03 12:30:00,0.11,0.74,3.09,0.0
2018-04-03 12:45:00,0.1,0.67,3.15,0.0
2018-04-03 13:00:00,0.09,0.67,3.06,0.0
2018-04-03 13:15:00,0.09,0.64,3.11,0.0
2018-04-03 13:30:00,0.09,0.67,3.1,0.0
2018-04-03 13:45:00,0.09,0.64,3.06,0.0
2018-04-03 14:00:00,0.18,1.26,3.08,0.0
2018-04-03 14:15:00,0.1,0.7,3.2,0.0
2018-04-03 14:30:00,0.11,0.77,3.16,0.0
2018-04-03 14:45:00,0.1,0.68,3.12,0.0
2018-04-03 15:00:00,0.1,0.67,3.17,0.0
2018-04-03 15:15:00,0.1,0.71,3.16,0.0
2018-04-03 15:30:00,0.1,0.68,3.09,0.0
2018-04-03 15:45:00,0.11,0.78,3.16,0.0
2018-04-03 16:00:00,0.1,0.67,3.14,0.0
2018-04-03 16:15:00,0.09,0.63,3.2,0.0
2018-04-03 16:30:00,0.1,0.69,3.11,0.0
2018-04-03 16:45:00,0.09,0.65,3.09,0.0
2018-04-03 17:00:00,0.1,0.72,3.11,0.0
2018-04-03 17:15:00,0.11,0.78,3.15,0.0
2018-04-03 17:30:00,0.1,0.68,3.21,0.0
2018-04-03 17:45:00,0.1,0.69,3.17,0.0
2018-04-03 18:00:00,0.11,0.75,3.09,0.0
2018-04-03 18:15:00,0.1,0.69,3.15,0.0
2018-04-03 18:30:00,0.11,0.75,3.23,0.0
2018-04-03 18:45:00,0.1,0.66,3.16,0.0
2018-04-03 19:00:00,0.09,0.62,3.21,0.0
2018-04-03 19:15:00,0.1,0.67,3.16,0.0
2018-04-03 19:30:00,0.11,0.73,3.33,0.0
2018-04-03 19:45:00,0.11,0.75,3.25,0.0
2018-04-03 20:00:00,0.12,0.77,3.28,0.0
2018-04-03 20:15:00,0.1,0.67,3.26,0.0
2018-04-03 20:30:00,0.11,0.77,3.19,0.0
2018-04-03 20:45:00,0.1,0.68,3.23,0.0
2018-04-03 21:00:00,0.11,0.72,3.3,0.0
2018-04-03 21:15:00,0.1,0.64,3.23,0.0
2018-04-03 21:30:00,0.11,0.7,3.2,0.0
2018-04-03 21:45:00,0.11,0.72,3.22,0.0
2018-04-03 22:00:00,0.11,0.73,3.26,0.0
2018-04-03 22:15:00,0.11,0.75,3.18,0.0
2018-04-03 22:30:00,0.1,0.65,3.18,0.0
2018-04-03 22:45:00,0.11,0.72,3.16,0.0
2018-04-03 23:00:00,0.1,0.65,3.2,0.0
2018-04-03 23:15:00,0.1,0.66,3.16,0.0
2018-04-03 23:30:00,0.12,0.79,3.16,0.0
2018-04-03 23:45:00,0.1,0.7,3.1,0.0
2018-04-04 00:00:00,0.09,0.6,3.15,0.0
2018-04-04 00:15:00,0.09,0.62,3.07,0.0
2018-04-04 00:30:00,0.09,0.63,3.05,0.0
2018-04-04 00:45:00,0.08,0.6,3.05,0.0
2018-04-04 01:00:00,0.09,0.67,3.01,0.0
2018-04-04 01:15:00,0.09,0.67,3.03,0.0
2018-04-04 01:30:00,0.09,0.66,3.05,0.0
2018-04-04 01:45:00,0.09,0.65,3.03,0.0
2018-04-04 02:00:00,0.09,0.66,3.06,0.0
2018-04-04 02:15:00,0.09,0.64,3.03,0.02
2018-04-04 02:30:00,0.08,0.61,3.01,0.03
2018-04-04 02:45:00,0.09,0.66,3.09,0.01
2018-04-04 03:00:00,0.11,0.73,3.14,0.0
2018-04-04 03:15:00,0.09,0.67,3.04,0.01
2018-04-04 03:30:00,0.09,0.68,3.03,0.0
2018-04-04 03:45:00,0.1,0.71,3.05,0.0
2018-04-04 04:00:00,0.09,0.64,3.06,0.03
2018-04-04 04:15:00,0.09,0.67,3.04,0.03
2018-04-04 04:30:00,0.09,0.68,3.03,0.01
2018-04-04 04:45:00,0.09,0.67,3.08,0.0
2018-04-04 05:00:00,0.09,0.67,3.09,0.0
2018-04-04 05:15:00,0.1,0.71,3.06,0.0
2018-04-04 05:30:00,0.1,0.7,3.1,0.0
2018-04-04 05:45:00,0.1,0.65,3.21,0.0
2018-04-04 06:00:00,0.1,0.7,3.09,0.0
2018-04-04 06:15:00,0.1,0.68,3.13,0.0
2018-04-04 06:30:00,0.1,0.67,3.19,0.0
2018-04-04 06:45:00,0.09,0.65,3.1,0.0
2018-04-04 07:00:00,0.1,0.71,3.17,0.0
2018-04-04 07:15:00,0.1,0.7,3.2,0.0
2018-04-04 07:30:00,0.1,0.7,3.18,0.0
2018-04-04 07:45:00,0.1,0.66,3.27,0.0
2018-04-04 08:00:00,0.11,0.71,3.28,0.0
2018-04-04 08:15:00,0.11,0.76,3.17,0.0
2018-04-04 08:30:00,0.11,0.71,3.24,0.0
2018-04-04 08:45:00,0.11,0.74,3.16,0.0
2018-04-04 09:00:00,0.09,0.63,3.19,0.0
2018-04-04 09:15:00,0.11,0.73,3.16,0.0
2018-04-04 09:30:00,0.11,0.73,3.23,0.0
2018-04-04 09:45:00,0.11,0.71,3.24,0.0
2018-04-04 10:00:00,0.11,0.72,3.18,0.0
2018-04-04 10:15:00,0.09,0.61,3.17,0.0
2018-04-04 10:30:00,0.1,0.68,3.16,0.0
2018-04-04 10:45:00,0.1,0.68,3.17,0.0
2018-04-04 11:00:00,0.1,0.67,3.13,0.0
2018-04-04 11:15:00,0.09,0.62,3.17,0.0
2018-04-04 11:30:00,0.09,0.66,3.11,0.0
2018-04-04 11:45:00,0.11,0.77,3.14,0.0
2018-04-04 12:00:00,0.1,0.72,3.11,0.0
2018-04-04 12:15:00,0.1,0.69,3.13,0.0
2018-04-04 12:30:00,0.11,0.73,3.16,0.0
2018-04-04 12:45:00,0.09,0.67,3.08,0.0
2018-04-04 13:00:00,0.09,0.64,3.2,0.0
2018-04-04 13:15:00,0.09,0.62,3.24,0.0
2018-04-04 13:30:00,0.11,0.75,3.13,0.0
2018-04-04 13:45:00,0.11,0.73,3.14,0.0
2018-04-04 14:00:00,0.1,0.68,3.21,0.0
2018-04-04 14:15:00,0.11,0.77,3.09,0.0
2018-04-04 14:30:00,0.1,0.69,3.14,0.0
2018-04-04 14:45:00,0.14,0.94,3.21,0.0
2018-04-04 15:00:00,0.09,0.59,3.18,0.0
2018-04-04 15:15:00,0.1,0.7,3.14,0.0
2018-04-04 15:30:00,0.11,0.73,3.2,0.0
2018-04-04 15:45:00,0.11,0.74,3.28,0.0
2018-04-04 16:00:00,0.1,0.63,3.38,0.0
2018-04-04 16:15:00,0.1,0.66,3.15,0.0
2018-04-04 16:30:00,0.1,0.68,3.09,0.0
2018-04-04 16:45:00,0.09,0.62,3.13,0.0
2018-04-04 17:00:00,0.1,0.7,3.14,0.0
2018-04-04 17:15:00,0.12,0.79,3.23,0.0
2018-04-04 17:30:00,0.14,0.9,3.31,0.0
2018-04-04 17:45:00,0.12,0.76,3.27,0.0
2018-04-04 18:00:00,0.11,0.73,3.24,0.0
2018-04-04 18:15:00,0.18,1.19,3.22,0.0
2018-04-04 18:30:00,0.1,0.64,3.23,0.0
2018-04-04 18:45:00,0.11,0.74,3.19,0.0
2018-04-04 19:00:00,0.1,0.65,3.29,0.0
2018-04-04 19:15:00,0.12,0.75,3.25,0.0
2018-04-04 19:30:00,0.12,0.76,3.31,0.0
2018-04-04 19:45:00,0.11,0.72,3.25,0.0
2018-04-04 20:00:00,0.1,0.66,3.28,0.0
2018-04-04 20:15:00,0.11,0.69,3.27,0.0
2018-04-04 20:30:00,0.1,0.7,3.18,0.0
2018-04-04 20:45:00,0.11,0.73,3.2,0.0
2018-04-04 21:00:00,0.1,0.68,3.24,0.0
2018-04-04 21:15:00,0.1,0.67,3.13,0.0
2018-04-04 21:30:00,0.09,0.63,3.11,0.0
2018-04-04 21:45:00,0.1,0.73,3.08,0.0
2018-04-04 22:00:00,0.1,0.65,3.18,0.0
2018-04-04 22:15:00,0.1,0.68,3.23,0.0
2018-04-04 22:30:00,0.1,0.71,3.16,0.0
2018-04-04 22:45:00,0.11,0.72,3.2,0.0
2018-04-04 23:00:00,0.09,0.63,3.17,0.0
2018-04-04 23:15:00,0.1,0.64,3.24,0.0
2018-04-04 23:30:00,0.1,0.69,3.12,0.0
2018-04-04 23:45:00,0.1,0.69,3.16,0.0
2018-04-05 00:00:00,0.1,0.72,3.07,0.0
2018-04-05 00:15:00,0.11,0.72,3.16,0.0
2018-04-05 00:30:00,0.1,0.71,3.09,0.0
2018-04-05 00:45:00,0.09,0.66,3.05,0.0
2018-04-05 01:00:00,0.1,0.73,3.09,0.0
2018-04-05 01:15:00,0.1,0.72,3.06,0.0
2018-04-05 01:30:00,0.1,0.72,2.98,0.0
2018-04-05 01:45:00,0.09,0.67,3.01,0.0
2018-04-05 02:00:00,0.09,0.69,3.01,0.0
2018-04-05 02:15:00,0.08,0.61,2.99,0.0
2018-04-05 02:30:00,0.08,0.63,2.98,0.0
2018-04-05 02:45:00,0.09,0.64,3.02,0.0
2018-04-05 03:00:00,0.13,0.94,2.99,0.0
2018-04-05 03:15:00,0.08,0.61,3.03,0.0
2018-04-05 03:30:00,0.09,0.62,3.02,0.0
2018-04-05 03:45:00,0.1,0.69,3.04,0.0
2018-04-05 04:00:00,0.08,0.61,3.02,0.0
2018-04-05 04:15:00,0.09,0.65,3.03,0.0
2018-04-05 04:30:00,0.09,0.65,3.02,0.0
2018-04-05 04:45:00,0.09,0.69,3.02,0.0
2018-04-05 05:00:00,0.09,0.65,3.01,0.0
2018-04-05 05:15:00,0.09,0.68,3.02,0.0
2018-04-05 05:30:00,0.1,0.71,3.03,0.0
2018-04-05 05:45:00,0.09,0.67,3.0,0.0
2018-04-05 06:00:00,0.1,0.7,3.13,0.0
2018-04-05 06:15:00,0.1,0.71,3.06,0.0
2018-04-05 06:30:00,0.11,0.73,3.17,0.0
2018-04-05 06:45:00,0.1,0.69,3.11,0.0
2018-04-05 07:00:00,0.1,0.72,3.12,0.0
2018-04-05 07:15:00,0.1,0.67,3.19,0.0
2018-04-05 07:30:00,0.11,0.71,3.18,0.0
2018-04-05 07:45:00,0.1,0.64,3.33,0.0
2018-04-05 08:00:00,0.1,0.7,3.21,0.0
2018-04-05 08:15:00,0.11,0.73,3.19,0.0
2018-04-05 08:30:00,0.11,0.74,3.23,0.0
2018-04-05 08:45:00,0.1,0.71,3.11,0.0
2018-04-05 09:00:00,0.11,0.71,3.24,0.0
2018-04-05 09:15:00,0.11,0.74,3.15,0.0
2018-04-05 09:30:00,0.1,0.69,3.2,0.0
2018-04-05 09:45:00,0.1,0.7,3.12,0.0
2018-04-05 10:00:00,0.1,0.69,3.11,0.0
2018-04-05 10:15:00,0.1,0.73,3.12,0.0
2018-04-05 10:30:00,0.1,0.72,3.08,0.0
2018-04-05 10:45:00,0.1,0.7,3.17,0.0
2018-04-05 11:00:00,0.1,0.65,3.23,0.0
2018-04-05 11:15:00,0.1,0.68,3.11,0.0
2018-04-05 11:30:00,0.11,0.7,3.2,0.0
2018-04-05 11:45:00,0.1,0.67,3.26,0.0
2018-04-05 12:00:00,0.1,0.68,3.12,0.0
2018-04-05 12:15:00,0.09,0.6,3.27,0.0
2018-04-05 12:30:00,0.1,0.64,3.29,0.0
2018-04-05 12:45:00,0.1,0.67,3.15,0.0
2018-04-05 13:00:00,0.1,0.66,3.15,0.0
2018-04-05 13:15:00,0.1,0.7,3.07,0.0
2018-04-05 13:30:00,0.12,0.83,3.07,0.0
2018-04-05 13:45:00,0.1,0.7,3.05,0.0
2018-04-05 14:00:00,0.09,0.67,3.05,0.0
2018-04-05 14:15:00,0.1,0.69,3.05,0.0
2018-04-05 14:30:00,0.1,0.71,3.06,0.0
2018-04-05 14:45:00,0.1,0.7,3.07,0.0
2018-04-05 15:00:00,0.1,0.73,3.08,0.0
2018-04-05 15:15:00,0.08,0.6,3.04,0.0
2018-04-05 15:30:00,0.1,0.69,3.18,0.0
2018-04-05 15:45:00,0.11,0.74,3.15,0.0
2018-04-05 16:00:00,0.1,0.66,3.21,0.0
2018-04-05 16:15:00,0.18,1.25,3.15,0.0
2018-04-05 16:30:00,0.11,0.7,3.3,0.0
2018-04-05 16:45:00,0.1,0.68,3.18,0.0
2018-04-05 17:00:00,0.1,0.67,3.19,0.0
2018-04-05 17:15:00,0.1,0.68,3.27,0.0
2018-04-05 17:30:00,0.11,0.75,3.24,0.0
2018-04-05 17:45:00,0.11,0.73,3.17,0.0
2018-04-05 18:00:00,0.14,0.94,3.17,0.0
2018-04-05 18:15:00,0.12,0.82,3.16,0.0
2018-04-05 18:30:00,0.1,0.63,3.34,0.0
2018-04-05 18:45:00,0.11,0.74,3.13,0.0
2018-04-05 19:00:00,0.1,0.69,3.23,0.0
2018-04-05 19:15:00,0.11,0.73,3.22,0.0
2018-04-05 19:30:00,0.11,0.71,3.19,0.0
2018-04-05 19:45:00,0.11,0.75,3.22,0.0
2018-04-05 20:00:00,0.11,0.75,3.24,0.0
2018-04-05 20:15:00,0.08,0.51,3.29,0.0
2018-04-05 20:30:00,0.1,0.67,3.2,0.0
2018-04-05 20:45:00,0.1,0.68,3.15,0.0
2018-04-05 21:00:00,0.09,0.67,3.07,0.0
2018-04-05 21:15:00,0.1,0.7,3.1,0.0
2018-04-05 21:30:00,0.1,0.68,3.09,0.0
2018-04-05 21:45:00,0.1,0.67,3.18,0.0
2018-04-05 22:00:00,0.09,0.63,3.16,0.0
2018-04-05 22:15:00,0.1,0.68,3.15,0.0
2018-04-05 22:30:00,0.1,0.67,3.16,0.0
2018-04-05 22:45:00,0.1,0.72,3.07,0.0
2018-04-05 23:00:00,0.1,0.7,3.06,0.0
2018-04-05 23:15:00,0.11,0.74,3.12,0.0
2018-04-05 23:30:00,0.11,0.74,3.14,0.0
2018-04-05 23:45:00,0.09,0.65,3.06,0.0
2018-04-06 00:00:00,0.09,0.64,3.02,0.0
2018-04-06 00:15:00,0.09,0.67,3.0,0.0
2018-04-06 00:30:00,0.09,0.62,3.04,0.0
2018-04-06 00:45:00,0.09,0.69,2.99,0.0
2018-04-06 01:00:00,0.09,0.67,3.0,0.0
2018-04-06 01:15:00,0.09,0.64,3.02,0.0
2018-04-06 01:30:00,0.09,0.65,3.0,0.0
2018-04-06 01:45:00,0.15,1.14,3.0,0.0
2018-04-06 02:00:00,0.1,0.76,3.02,0.0
2018-04-06 02:15:00,0.1,0.71,3.02,0.0
2018-04-06 02:30:00,0.11,0.85,2.97,0.0
2018-04-06 02:45:00,0.09,0.67,3.0,0.0
2018-04-06 03:00:00,0.09,0.65,2.96,0.0
2018-04-06 03:15:00,0.08,0.58,3.0,0.0
2018-04-06 03:30:00,0.08,0.61,3.01,0.0
2018-04-06 03:45:00,0.08,0.61,2.99,0.0
2018-04-06 04:00:00,0.09,0.68,3.0,0.0
2018-04-06 04:15:00,0.08,0.6,2.98,0.0
2018-04-06 04:30:00,0.08,0.62,2.98,0.0
2018-04-06 04:45:00,0.09,0.65,3.09,0.0
2018-04-06 05:00:00,0.09,0.68,3.0,0.0
2018-04-06 05:15:00,0.09,0.67,3.0,0.0
2018-04-06 05:30:00,0.11,0.74,3.18,0.0
2018-04-06 05:45:00,0.1,0.71,3.01,0.0
2018-04-06 06:00:00,0.1,0.74,3.0,0.0
2018-04-06 06:15:00,0.1,0.68,3.05,0.0
2018-04-06 06:30:00,0.11,0.76,3.07,0.0
2018-04-06 06:45:00,0.1,0.72,3.05,0.0
2018-04-06 07:00:00,0.1,0.71,3.08,0.0
2018-04-06 07:15:00,0.1,0.68,3.1,0.0
2018-04-06 07:30:00,0.1,0.7,3.11,0.0
2018-04-06 07:45:00,0.1,0.72,3.1,0.0
2018-04-06 08:00:00,0.1,0.62,3.29,0.0
2018-04-06 08:15:00,0.1,0.68,3.1,0.0
2018-04-06 08:30:00,0.1,0.69,3.13,0.0
2018-04-06 08:45:00,0.1,0.73,3.11,0.0
2018-04-06 09:00:00,0.11,0.77,3.14,0.0
2018-04-06 09:15:00,0.11,0.7,3.25,0.0
2018-04-06 09:30:00,0.1,0.69,3.12,0.0
2018-04-06 09:45:00,0.17,1.15,3.17,0.0
2018-04-06 10:00:00,0.1,0.65,3.2,0.0
2018-04-06 10:15:00,0.11,0.73,3.16,0.0
2018-04-06 10:30:00,0.1,0.71,3.16,0.0
2018-04-06 10:45:00,0.1,0.68,3.21,0.0
2018-04-06 11:00:00,0.11,0.74,3.11,0.0
2018-04-06 11:15:00,0.1,0.69,3.1,0.0
2018-04-06 11:30:00,0.1,0.74,3.03,0.0
2018-04-06 11:45:00,0.1,0.71,3.03,0.0
2018-04-06 12:00:00,0.1,0.74,3.09,0.0
2018-04-06 12:15:00,0.1,0.74,3.08,0.0
2018-04-06 12:30:00,0.09,0.66,3.09,0.0
2018-04-06 12:45:00,0.09,0.66,3.04,0.0
2018-04-06 13:00:00,0.09,0.68,3.04,0.0
2018-04-06 13:15:00,0.1,0.73,3.05,0.0
2018-04-06 13:30:00,0.1,0.73,3.11,0.0
2018-04-06 13:45:00,0.1,0.74,3.06,0.0
2018-04-06 14:00:00,0.1,0.72,3.08,0.0
2018-04-06 14:15:00,0.1,0.65,3.16,0.0
2018-04-06 14:30:00,0.1,0.66,3.2,0.0
2018-04-06 14:45:00,0.11,0.69,3.26,0.0
2018-04-06 15:00:00,0.11,0.71,3.17,0.0
2018-04-06 15:15:00,0.13,0.89,3.22,0.0
2018-04-06 15:30:00,0.1,0.65,3.19,0.0
2018-04-06 15:45:00,0.11,0.71,3.2,0.0
2018-04-06 16:00:00,0.1,0.65,3.19,0.0
2018-04-06 16:15:00,0.1,0.66,3.12,0.0
2018-04-06 16:30:00,0.09,0.63,3.1,0.0
2018-04-06 16:45:00,0.09,0.63,3.12,0.0
2018-04-06 17:00:00,0.1,0.66,3.14,0.0
2018-04-06 17:15:00,0.1,0.71,3.14,0.0
2018-04-06 17:30:00,0.11,0.72,3.26,0.0
2018-04-06 17:45:00,0.1,0.69,3.22,0.0
2018-04-06 18:00:00,0.11,0.73,3.25,0.0
2018-04-06 18:15:00,0.1,0.69,3.16,0.0
2018-04-06 18:30:00,0.1,0.67,3.2,0.0
2018-04-06 18:45:00,0.1,0.65,3.18,0.0
2018-04-06 19:00:00,0.1,0.68,3.12,0.0
2018-04-06 19:15:00,0.09,0.67,3.05,0.0
2018-04-06 19:30:00,0.09,0.65,3.08,0.0
2018-04-06 19:45:00,0.09,0.68,3.05,0.0
2018-04-06 20:00:00,0.11,0.77,3.09,0.0
2018-04-06 20:15:00,0.11,0.74,3.18,0.0
2018-04-06 20:30:00,0.11,0.76,3.14,0.0
2018-04-06 20:45:00,0.11,0.74,3.22,0.0
2018-04-06 21:00:00,0.12,0.79,3.18,0.0
2018-04-06 21:15:00,0.12,0.81,3.22,0.0
2018-04-06 21:30:00,0.1,0.68,3.18,0.0
2018-04-06 21:45:00,0.1,0.7,3.18,0.0
2018-04-06 22:00:00,0.1,0.73,3.11,0.0
2018-04-06 22:15:00,0.1,0.65,3.2,0.0
2018-04-06 22:30:00,0.09,0.63,3.15,0.0
2018-04-06 22:45:00,0.1,0.67,3.07,0.0
2018-04-06 23:00:00,0.1,0.66,3.19,0.0
2018-04-06 23:15:00,0.1,0.71,3.08,0.0
2018-04-06 23:30:00,0.1,0.71,3.1,0.0
2018-04-06 23:45:00,0.1,0.73,3.04,0.0
2018-04-07 00:00:00,0.09,0.63,3.08,0.0
2018-04-07 00:15:00,0.08,0.63,2.95,0.0
2018-04-07 00:30:00,0.08,0.61,2.97,0.0
2018-04-07 00:45:00,0.09,0.66,2.95,0.0
2018-04-07 01:00:00,0.09,0.68,3.06,0.0
2018-04-07 01:15:00,0.09,0.66,2.94,0.0
2018-04-07 01:30:00,0.09,0.67,2.96,0.0
2018-04-07 01:45:00,0.1,0.73,2.97,0.0
2018-04-07 02:00:00,0.09,0.63,2.97,0.0
2018-04-07 02:15:00,0.09,0.68,2.96,0.01
2018-04-07 02:30:00,0.09,0.67,2.98,0.0
2018-04-07 02:45:00,0.1,0.72,3.0,0.01
2018-04-07 03:00:00,0.09,0.65,2.98,0.0
2018-04-07 03:15:00,0.1,0.71,3.0,0.0
2018-04-07 03:30:00,0.09,0.64,2.97,0.0
2018-04-07 03:45:00,0.11,0.78,3.01,0.0
2018-04-07 04:00:00,0.1,0.0,2.99,0.01
2018-04-07 04:15:00,0.09,0.65,2.97,0.0
2018-04-07 04:30:00,0.1,0.71,2.99,0.0
2018-04-07 04:45:00,0.09,0.66,2.98,0.01
2018-04-07 05:00:00,0.09,0.7,2.97,0.0
2018-04-07 05:15:00,0.09,0.65,2.96,0.0
2018-04-07 05:30:00,0.12,0.88,2.97,0.0
2018-04-07 05:45:00,0.1,0.73,3.02,0.0
2018-04-07 06:00:00,0.09,0.7,3.0,0.0
2018-04-07 06:15:00,0.09,0.65,3.0,0.0
2018-04-07 06:30:00,0.11,0.81,2.99,0.01
2018-04-07 06:45:00,0.09,0.68,3.03,0.0
2018-04-07 07:00:00,0.1,0.73,3.03,0.01
2018-04-07 07:15:00,0.1,0.69,3.07,0.0
2018-04-07 07:30:00,0.1,0.7,3.15,0.0
2018-04-07 07:45:00,0.1,0.69,3.1,0.03
2018-04-07 08:00:00,0.1,0.69,3.14,0.03
2018-04-07 08:15:00,0.09,0.62,3.12,0.0
2018-04-07 08:30:00,0.09,0.67,3.05,0.0
2018-04-07 08:45:00,0.09,0.66,3.02,0.0
2018-04-07 09:00:00,0.1,0.7,3.07,0.0
2018-04-07 09:15:00,0.1,0.69,3.08,0.0
2018-04-07 09:30:00,0.11,0.71,3.21,0.0
2018-04-07 09:45:00,0.1,0.62,3.43,0.0
2018-04-07 10:00:00,0.1,0.65,3.32,0.0
2018-04-07 10:15:00,0.1,0.65,3.22,0.0
2018-04-07 10:30:00,0.11,0.65,3.46,0.0
2018-04-07 10:45:00,0.1,0.7,3.07,0.0
2018-04-07 11:00:00,0.09,0.64,3.14,0.0
2018-04-07 11:15:00,0.09,0.59,3.24,0.0
2018-04-07 11:30:00,0.1,0.69,3.23,0.0
2018-04-07 11:45:00,0.09,0.61,3.17,0.0
2018-04-07 12:00:00,0.1,0.66,3.21,0.0
2018-04-07 12:15:00,0.1,0.65,3.16,0.0
2018-04-07 12:30:00,0.09,0.63,3.13,0.0
2018-04-07 12:45:00,0.16,1.13,3.08,0.0
2018-04-07 13:00:00,0.1,0.71,3.14,0.0
2018-04-07 13:15:00,0.09,0.62,3.11,0.0
2018-04-07 13:30:00,0.1,0.65,3.16,0.0
2018-04-07 13:45:00,0.1,0.67,3.13,0.0
2018-04-07 14:00:00,0.09,0.66,3.07,0.0
2018-04-07 14:15:00,0.11,0.74,3.11,0.0
2018-04-07 14:30:00,0.11,0.73,3.15,0.0
2018-04-07 14:45:00,0.09,0.65,3.14,0.0
2018-04-07 15:00:00,0.09,0.68,3.06,0.0
2018-04-07 15:15:00,0.1,0.71,3.14,0.0
2018-04-07 15:30:00,0.09,0.64,3.07,0.0
2018-04-07 15:45:00,0.1,0.72,3.08,0.0
2018-04-07 16:00:00,0.1,0.64,3.24,0.0
2018-04-07 16:15:00,0.1,0.67,3.26,0.0
2018-04-07 16:30:00,0.11,0.71,3.22,0.0
2018-04-07 16:45:00,0.1,0.67,3.12,0.0
2018-04-07 17:00:00,0.11,0.72,3.19,0.0
2018-04-07 17:15:00,0.1,0.71,3.07,0.0
2018-04-07 17:30:00,0.1,0.69,3.07,0.0
2018-04-07 17:45:00,0.1,0.74,3.04,0.0
2018-04-07 18:00:00,0.11,0.77,3.11,0.0
2018-04-07 18:15:00,0.09,0.6,3.24,0.0
2018-04-07 18:30:00,0.1,0.68,3.17,0.0
2018-04-07 18:45:00,0.11,0.74,3.11,0.0
2018-04-07 19:00:00,0.11,0.76,3.15,0.0
2018-04-07 19:15:00,0.11,0.75,3.21,0.0
2018-04-07 19:30:00,0.1,0.73,3.08,0.0
2018-04-07 19:45:00,0.1,0.7,3.11,0.0
2018-04-07 20:00:00,0.1,0.72,3.14,0.0
2018-04-07 20:15:00,0.11,0.75,3.14,0.01
2018-04-07 20:30:00,0.1,0.73,3.08,0.01
2018-04-07 20:45:00,0.11,0.75,3.09,0.0
2018-04-07 21:00:00,0.1,0.74,3.05,0.0
2018-04-07 21:15:00,0.12,0.81,3.12,0.0
2018-04-07 21:30:00,0.12,0.83,3.12,0.0
2018-04-07 21:45:00,0.11,0.74,3.13,0.0
2018-04-07 22:00:00,0.09,0.66,3.05,0.0
2018-04-07 22:15:00,0.09,0.67,3.02,0.0
2018-04-07 22:30:00,0.09,0.63,2.99,0.0
2018-04-07 22:45:00,0.09,0.63,3.02,0.0
2018-04-07 23:00:00,0.1,0.68,3.08,0.0
2018-04-07 23:15:00,0.1,0.67,3.13,0.0
2018-04-07 23:30:00,0.09,0.7,2.99,0.0
2018-04-07 23:45:00,0.09,0.66,3.03,0.0
2018-04-08 00:00:00,0.09,0.64,2.99,0.0
2018-04-08 00:15:00,0.08,0.64,2.96,0.0
2018-04-08 00:30:00,0.11,0.79,3.0,0.0
2018-04-08 00:45:00,0.08,0.62,2.95,0.0
2018-04-08 01:00:00,0.09,0.66,2.94,0.0
2018-04-08 01:15:00,0.09,0.65,2.97,0.0
2018-04-08 01:30:00,0.09,0.66,2.97,0.0
2018-04-08 01:45:00,0.09,0.67,2.98,0.0
2018-04-08 02:00:00,0.09,0.7,2.97,0.0
2018-04-08 02:15:00,0.09,0.65,2.99,0.0
2018-04-08 02:30:00,0.09,0.7,2.97,0.0
2018-04-08 02:45:00,0.09,0.66,2.94,0.0
2018-04-08 03:00:00,0.09,0.64,2.96,0.0
2018-04-08 03:15:00,0.09,0.69,2.97,0.0
2018-04-08 03:30:00,0.09,0.69,2.98,0.0
2018-04-08 03:45:00,0.1,0.73,2.98,0.0
2018-04-08 04:00:00,0.1,0.71,3.0,0.0
2018-04-08 04:15:00,0.09,0.68,2.98,0.0
2018-04-08 04:30:00,0.09,0.67,3.02,0.0
2018-04-08 04:45:00,0.09,0.69,2.99,0.0
2018-04-08 05:00:00,0.09,0.69,3.0,0.0
2018-04-08 05:15:00,0.1,0.73,3.0,0.0
2018-04-08 05:30:00,0.1,0.71,3.0,0.0
2018-04-08 05:45:00,0.1,0.75,2.99,0.0
2018-04-08 06:00:00,0.1,0.71,3.04,0.0
2018-04-08 06:15:00,0.09,0.69,3.01,0.0
2018-04-08 06:30:00,0.09,0.69,3.0,0.0
2018-04-08 06:45:00,0.09,0.66,3.1,0.0
2018-04-08 07:00:00,0.1,0.72,3.01,0.0
2018-04-08 07:15:00,0.1,0.74,3.01,0.0
2018-04-08 07:30:00,0.09,0.67,3.0,0.0
2018-04-08 07:45:00,0.09,0.65,3.09,0.0
2018-04-08 08:00:00,0.11,0.76,3.12,0.0
2018-04-08 08:15:00,0.1,0.66,3.14,0.0
2018-04-08 08:30:00,0.1,0.71,3.12,0.0
2018-04-08 08:45:00,0.09,0.66,3.1,0.0
2018-04-08 09:00:00,0.1,0.68,3.1,0.0
2018-04-08 09:15:00,0.1,0.65,3.21,0.0
2018-04-08 09:30:00,0.11,0.74,3.11,0.0
2018-04-08 09:45:00,0.08,0.55,3.1,0.0
2018-04-08 10:00:00,0.1,0.71,3.11,0.0
2018-04-08 10:15:00,0.1,0.71,3.09,0.0
2018-04-08 10:30:00,0.1,0.73,3.11,0.0
2018-04-08 10:45:00,0.11,0.74,3.13,0.0
2018-04-08 11:00:00,0.1,0.67,3.15,0.0
2018-04-08 11:15:00,0.1,0.71,3.14,0.0
2018-04-08 11:30:00,0.12,0.79,3.14,0.0
2018-04-08 11:45:00,0.12,0.78,3.22,0.0
2018-04-08 12:00:00,0.12,0.75,3.29,0.0
2018-04-08 12:15:00,0.14,0.86,3.37,0.0
2018-04-08 12:30:00,0.11,0.72,3.26,0.0
2018-04-08 12:45:00,0.13,0.81,3.33,0.0
2018-04-08 13:00:00,0.11,0.72,3.24,0.0
2018-04-08 13:15:00,0.12,0.75,3.25,0.0
2018-04-08 13:30:00,0.1,0.68,3.26,0.0
2018-04-08 13:45:00,0.09,0.57,3.23,0.0
2018-04-08 14:00:00,0.11,0.74,3.24,0.0
2018-04-08 14:15:00,0.11,0.74,3.21,0.0
2018-04-08 14:30:00,0.1,0.68,3.15,0.0
2018-04-08 14:45:00,0.1,0.7,3.12,0.0
2018-04-08 15:00:00,0.1,0.7,3.07,0.0
2018-04-08 15:15:00,0.1,0.72,3.14,0.0
2018-04-08 15:30:00,0.11,0.74,3.14,0.0
2018-04-08 15:45:00,0.11,0.74,3.14,0.0
2018-04-08 16:00:00,0.09,0.65,3.12,0.0
2018-04-08 16:15:00,0.09,0.64,3.18,0.0
2018-04-08 16:30:00,0.11,0.74,3.14,0.0
2018-04-08 16:45:00,0.11,0.72,3.22,0.0
2018-04-08 17:00:00,0.1,0.67,3.16,0.0
2018-04-08 17:15:00,0.1,0.66,3.24,0.0
2018-04-08 17:30:00,0.11,0.7,3.21,0.0
2018-04-08 17:45:00,0.09,0.66,3.08,0.0
2018-04-08 18:00:00,0.11,0.69,3.31,0.0
2018-04-08 18:15:00,0.13,0.87,3.15,0.0
2018-04-08 18:30:00,0.11,0.76,3.11,0.0
2018-04-08 18:45:00,0.16,1.12,3.13,0.0
2018-04-08 19:00:00,0.11,0.72,3.15,0.0
2018-04-08 19:15:00,0.11,0.74,3.16,0.0
2018-04-08 19:30:00,0.1,0.68,3.21,0.0
2018-04-08 19:45:00,0.1,0.66,3.15,0.0
2018-04-08 20:00:00,0.1,0.68,3.2,0.0
2018-04-08 20:15:00,0.1,0.67,3.19,0.0
2018-04-08 20:30:00,0.1,0.65,3.23,0.0
2018-04-08 20:45:00,0.1,0.69,3.21,0.0
2018-04-08 21:00:00,0.09,0.62,3.16,0.0
2018-04-08 21:15:00,0.11,0.73,3.19,0.0
2018-04-08 21:30:00,0.11,0.67,3.39,0.0
2018-04-08 21:45:00,0.1,0.65,3.26,0.0
2018-04-08 22:00:00,0.1,0.72,3.1,0.0
2018-04-08 22:15:00,0.09,0.62,3.17,0.0
2018-04-08 22:30:00,0.09,0.65,3.07,0.0
2018-04-08 22:45:00,0.1,0.65,3.21,0.0
2018-04-08 23:00:00,0.1,0.7,3.06,0.0
2018-04-08 23:15:00,0.09,0.68,3.06,0.0
2018-04-08 23:30:00,0.09,0.61,3.07,0.0
2018-04-08 23:45:00,0.09,0.66,2.98,0.0
2018-04-09 00:00:00,0.08,0.61,2.96,0.0
2018-04-09 00:15:00,0.09,0.67,3.01,0.0
2018-04-09 00:30:00,0.1,0.69,3.04,0.0
2018-04-09 00:45:00,0.08,0.57,3.0,0.0
2018-04-09 01:00:00,0.08,0.61,2.96,0.0
2018-04-09 01:15:00,0.09,0.64,2.98,0.0
2018-04-09 01:30:00,0.09,0.68,2.96,0.0
2018-04-09 01:45:00,0.08,0.57,2.97,0.0
2018-04-09 02:00:00,0.09,0.67,2.96,0.0
2018-04-09 02:15:00,0.09,0.66,2.95,0.0
2018-04-09 02:30:00,0.09,0.68,2.93,0.0
2018-04-09 02:45:00,0.08,0.64,2.93,0.0
2018-04-09 03:00:00,0.09,0.7,2.95,0.0
2018-04-09 03:15:00,0.1,0.76,2.95,0.0
2018-04-09 03:30:00,0.1,0.73,2.96,0.0
2018-04-09 03:45:00,0.09,0.7,2.96,0.0
2018-04-09 04:00:00,0.1,0.74,2.97,0.0
2018-04-09 04:15:00,0.09,0.69,2.94,0.0
2018-04-09 04:30:00,0.09,0.66,2.94,0.0
2018-04-09 04:45:00,0.09,0.69,2.96,0.0
2018-04-09 05:00:00,0.09,0.68,2.93,0.0
2018-04-09 05:15:00,0.09,0.67,2.96,0.01
2018-04-09 05:30:00,0.08,0.59,3.07,0.0
2018-04-09 05:45:00,0.1,0.72,3.09,0.0
2018-04-09 06:00:00,0.1,0.73,3.02,0.0
2018-04-09 06:15:00,0.1,0.7,3.04,0.0
2018-04-09 06:30:00,0.1,0.74,3.04,0.0
2018-04-09 06:45:00,0.09,0.65,3.02,0.0
2018-04-09 07:00:00,0.1,0.72,3.15,0.0
2018-04-09 07:15:00,0.0,0.0,0.0,0.01
2018-04-09 07:30:00,0.12,0.77,3.31,0.0
2018-04-09 07:45:00,0.12,0.78,3.35,0.0
2018-04-09 08:00:00,0.1,0.69,3.23,0.0
2018-04-09 08:15:00,0.1,0.68,3.18,0.0
2018-04-09 08:30:00,0.1,0.69,3.05,0.0
2018-04-09 08:45:00,0.09,0.68,3.01,0.0
2018-04-09 09:00:00,0.1,0.68,3.08,0.0
2018-04-09 09:15:00,0.1,0.7,3.04,0.0
2018-04-09 09:30:00,0.14,0.99,3.07,0.0
2018-04-09 09:45:00,0.09,0.68,3.0,0.0
2018-04-09 10:00:00,0.1,0.67,3.12,0.0
2018-04-09 10:15:00,0.11,0.7,3.23,0.0
2018-04-09 10:30:00,0.1,0.65,3.14,0.0
2018-04-09 10:45:00,0.1,0.71,3.1,0.0
2018-04-09 11:00:00,0.1,0.71,3.13,0.0
2018-04-09 11:15:00,0.1,0.71,3.07,0.0
2018-04-09 11:30:00,0.0,0.0,0.0,0.0
2018-04-09 11:45:00,0.1,0.69,3.08,0.0
2018-04-09 12:00:00,0.1,0.68,3.1,0.0
2018-04-09 12:15:00,0.09,0.66,3.1,0.0
2018-04-09 12:30:00,0.14,0.95,3.16,0.0
2018-04-09 12:45:00,0.14,0.0,3.19,0.0
2018-04-09 13:00:00,0.09,0.62,3.13,0.0
2018-04-09 13:15:00,0.0,0.0,0.0,0.0
2018-04-09 13:30:00,0.1,0.66,3.13,0.0
2018-04-09 13:45:00,0.0,0.0,0.0,0.0
2018-04-09 14:00:00,0.1,0.74,3.08,0.0
2018-04-09 14:15:00,0.09,0.61,3.11,0.0
2018-04-09 14:30:00,0.1,0.72,3.08,0.0
2018-04-09 14:45:00,0.09,0.67,3.02,0.0
2018-04-09 15:00:00,0.11,0.72,3.17,0.0
2018-04-09 15:15:00,0.09,0.61,3.15,0.0
2018-04-09 15:30:00,0.1,0.68,3.1,0.0
2018-04-09 15:45:00,0.1,0.73,3.07,0.0
2018-04-09 16:00:00,0.1,0.7,3.1,0.0
2018-04-09 16:15:00,0.1,0.66,3.21,0.0
2018-04-09 16:30:00,0.09,0.66,3.07,0.0
2018-04-09 16:45:00,0.1,0.71,3.13,0.0
2018-04-09 17:00:00,0.11,0.74,3.13,0.0
2018-04-09 17:15:00,0.09,0.62,3.15,0.0
2018-04-09 17:30:00,0.11,0.71,3.2,0.0
2018-04-09 17:45:00,0.11,0.75,3.22,0.0
2018-04-09 18:00:00,0.1,0.7,3.2,0.0
2018-04-09 18:15:00,0.11,0.72,3.22,0.0
2018-04-09 18:30:00,0.12,0.79,3.22,0.0
2018-04-09 18:45:00,0.1,0.68,3.16,0.0
2018-04-09 19:00:00,0.1,0.72,3.11,0.0
2018-04-09 19:15:00,0.1,0.68,3.18,0.0
2018-04-09 19:30:00,0.1,0.68,3.18,0.0
2018-04-09 19:45:00,0.08,0.53,3.14,0.0
2018-04-09 20:00:00,0.1,0.66,3.2,0.0
2018-04-09 20:15:00,0.1,0.69,3.13,0.0
2018-04-09 20:30:00,0.1,0.65,3.28,0.0
2018-04-09 20:45:00,0.1,0.68,3.16,0.0
2018-04-09 21:00:00,0.09,0.63,3.12,0.0
2018-04-09 21:15:00,0.09,0.67,3.07,0.0
2018-04-09 21:30:00,0.09,0.66,3.12,0.0
2018-04-09 21:45:00,0.1,0.7,3.17,0.0
2018-04-09 22:00:00,0.1,0.69,3.21,0.0
2018-04-09 22:15:00,0.1,0.65,3.19,0.0
2018-04-09 22:30:00,0.1,0.67,3.15,0.0
2018-04-09 22:45:00,0.1,0.7,3.04,0.0
2018-04-09 23:00:00,0.1,0.67,3.12,0.0
2018-04-09 23:15:00,0.1,0.7,3.03,0.0
2018-04-09 23:30:00,0.1,0.71,3.14,0.0
2018-04-09 23:45:00,0.09,0.64,3.07,0.0
2018-04-10 00:00:00,0.09,0.61,3.09,0.0
2018-04-10 00:15:00,0.09,0.64,3.09,0.0
2018-04-10 00:30:00,0.08,0.62,2.99,0.0
2018-04-10 00:45:00,0.09,0.62,3.06,
2018-04-10 01:00:00,0.09,0.68,2.97,
2018-04-10 01:15:00,0.09,0.68,3.02,
2018-04-10 01:30:00,0.09,0.68,2.97,
2018-04-10 01:45:00,0.09,0.65,2.97,
2018-04-10 02:00:00,0.09,0.63,3.02,
2018-04-10 02:15:00,0.09,0.65,2.98,
2018-04-10 02:30:00,0.09,0.69,2.98,
2018-04-10 02:45:00,0.09,0.67,2.99,
2018-04-10 03:00:00,0.09,0.65,3.01,
2018-04-10 03:15:00,0.09,0.66,3.02,
2018-04-10 03:30:00,0.09,0.64,3.03,
2018-04-10 03:45:00,0.1,0.71,3.04,
2018-04-10 04:00:00,0.1,0.7,3.01,
2018-04-10 04:15:00,0.09,0.69,3.0,
2018-04-10 04:30:00,0.09,0.65,3.03,
2018-04-10 04:45:00,0.09,0.67,3.02,
2018-04-10 05:00:00,0.09,0.68,3.02,
2018-04-10 05:15:00,0.1,0.69,3.03,
2018-04-10 05:30:00,0.1,0.65,3.16,
2018-04-10 05:45:00,0.09,0.69,3.01,
2018-04-10 06:00:00,0.09,0.65,3.01,
2018-04-10 06:15:00,0.09,0.64,3.06,
2018-04-10 06:30:00,0.1,0.72,3.1,
2018-04-10 06:45:00,0.09,0.61,3.17,
2018-04-10 07:00:00,0.11,0.69,3.26,
2018-04-10 07:15:00,0.11,0.7,3.3,
2018-04-10 07:30:00,0.11,0.0,3.28,
2018-04-10 07:45:00,0.11,0.69,3.27,
2018-04-10 08:00:00,0.1,0.64,3.26,
2018-04-10 08:15:00,0.1,0.67,3.17,
2018-04-10 08:30:00,0.09,0.6,3.24,
2018-04-10 08:45:00,0.1,0.66,3.23,
2018-04-10 09:00:00,0.1,0.65,3.2,
2018-04-10 09:15:00,0.11,0.7,3.21,
2018-04-10 09:30:00,0.09,0.64,3.16,
2018-04-10 09:45:00,0.11,0.73,3.24,
2018-04-10 10:00:00,0.1,0.67,3.22,
2018-04-10 10:15:00,0.1,0.67,3.15,
2018-04-10 10:30:00,0.09,0.58,3.15,
2018-04-10 10:45:00,0.1,0.68,3.21,
2018-04-10 11:00:00,0.09,0.64,3.14,
2018-04-10 11:15:00,0.09,0.61,3.21,
2018-04-10 11:30:00,0.09,0.0,3.2,
2018-04-10 11:45:00,0.1,0.68,3.18,
2018-04-10 12:00:00,0.09,0.63,3.15,
2018-04-10 12:15:00,0.09,0.62,3.18,
2018-04-10 12:30:00,0.1,0.72,3.11,
2018-04-10 12:45:00,0.09,0.65,3.12,
2018-04-10 13:00:00,0.1,0.67,3.13,
2018-04-10 13:15:00,0.09,0.65,3.1,
2018-04-10 13:30:00,0.09,0.67,3.08,
2018-04-10 13:45:00,0.08,0.58,3.1,
2018-04-10 14:00:00,0.08,0.0,3.16,
2018-04-10 14:15:00,0.1,0.69,3.19,
2018-04-10 14:30:00,0.1,0.66,3.16,
2018-04-10 14:45:00,0.09,0.66,3.09,
2018-04-10 15:00:00,0.09,0.67,3.07,
2018-04-10 15:15:00,0.1,0.0,3.13,
2018-04-10 15:30:00,0.09,0.66,3.12,
2018-04-10 15:45:00,0.1,0.67,3.11,
2018-04-10 16:00:00,0.1,0.64,3.2,
2018-04-10 16:15:00,0.09,0.63,3.17,
2018-04-10 16:30:00,0.1,0.67,3.13,
2018-04-10 16:45:00,0.1,0.66,3.19,
2018-04-10 17:00:00,0.1,0.68,3.17,
2018-04-10 17:15:00,0.1,0.66,3.14,
2018-04-10 17:30:00,0.1,0.65,3.15,
2018-04-10 17:45:00,0.1,0.65,3.16,
2018-04-10 18:00:00,0.1,0.68,3.15,
2018-04-10 18:15:00,0.1,0.7,3.19,
2018-04-10 18:30:00,0.11,0.75,3.2,
2018-04-10 18:45:00,0.1,0.71,3.11,
2018-04-10 19:00:00,0.09,0.6,3.16,
2018-04-10 19:15:00,0.1,0.72,3.13,
2018-04-10 19:30:00,0.09,0.65,3.1,
2018-04-10 19:45:00,0.1,0.69,3.08,
2018-04-10 20:00:00,0.11,0.72,3.15,
2018-04-10 20:15:00,0.1,0.65,3.14,
2018-04-10 20:30:00,0.11,0.75,3.14,
2018-04-10 20:45:00,0.1,0.69,3.1,
2018-04-10 21:00:00,0.09,0.64,3.08,
2018-04-10 21:15:00,0.09,0.66,3.05,
2018-04-10 21:30:00,0.1,0.68,3.13,
2018-04-10 21:45:00,0.07,0.45,3.14,
2018-04-10 22:00:00,0.1,0.69,3.08,
2018-04-10 22:15:00,0.11,0.75,3.17,
2018-04-10 22:30:00,0.1,0.66,3.2,
2018-04-10 22:45:00,0.1,0.72,3.09,
2018-04-10 23:00:00,0.1,0.7,3.08,
2018-04-10 23:15:00,0.09,0.63,3.16,
2018-04-10 23:30:00,0.09,0.66,3.06,
2018-04-10 23:45:00,0.1,0.69,3.06,
2018-04-11 00:00:00,0.1,0.68,3.09,
2018-04-11 00:15:00,0.09,0.64,3.04,
2018-04-11 00:30:00,0.09,0.66,3.03,
2018-04-11 00:45:00,0.09,0.68,2.96,
2018-04-11 01:00:00,0.09,0.64,2.98,
2018-04-11 01:15:00,0.09,0.64,2.99,
2018-04-11 01:30:00,0.1,0.72,2.97,
2018-04-11 01:45:00,0.09,0.67,2.96,
2018-04-11 02:00:00,0.1,0.73,2.95,
2018-04-11 02:15:00,0.09,0.67,2.94,
2018-04-11 02:30:00,0.09,0.67,2.94,
2018-04-11 02:45:00,0.09,0.68,2.93,
2018-04-11 03:00:00,0.09,0.7,2.92,
2018-04-11 03:15:00,0.08,0.64,2.93,
2018-04-11 03:30:00,0.09,0.0,2.97,
2018-04-11 03:45:00,0.09,0.7,2.96,
2018-04-11 04:00:00,0.09,0.69,2.93,
2018-04-11 04:15:00,0.08,0.64,2.95,
2018-04-11 04:30:00,0.08,0.6,3.03,
2018-04-11 04:45:00,0.08,0.62,2.96,
2018-04-11 05:00:00,0.08,0.63,2.93,
2018-04-11 05:15:00,0.08,0.61,2.93,
2018-04-11 05:30:00,0.09,0.68,2.96,
2018-04-11 05:45:00,0.09,0.68,2.99,
2018-04-11 06:00:00,0.1,0.7,3.02,
2018-04-11 06:15:00,0.09,0.66,3.06,
2018-04-11 06:30:00,0.1,0.7,3.04,
2018-04-11 06:45:00,0.09,0.63,3.05,
2018-04-11 07:00:00,0.09,0.63,3.18,
2018-04-11 07:15:00,0.09,0.0,3.17,
2018-04-11 07:30:00,0.1,0.7,3.11,
2018-04-11 07:45:00,0.1,0.68,3.19,
2018-04-11 08:00:00,0.1,0.66,3.24,
2018-04-11 08:15:00,0.13,0.85,3.2,
2018-04-11 08:30:00,0.1,0.72,3.07,
2018-04-11 08:45:00,0.0,0.0,0.0,
2018-04-11 09:00:00,0.1,0.66,3.3,
2018-04-11 09:15:00,0.1,0.72,3.01,
2018-04-11 09:30:00,0.09,0.64,3.13,
2018-04-11 09:45:00,0.09,0.64,3.15,
2018-04-11 10:00:00,0.09,0.64,3.17,
2018-04-11 10:15:00,0.1,0.73,3.07,
2018-04-11 10:30:00,0.1,0.69,3.19,
2018-04-11 10:45:00,0.1,0.64,3.24,
2018-04-11 11:00:00,0.09,0.63,3.22,
2018-04-11 11:15:00,0.1,0.64,3.21,
2018-04-11 11:30:00,0.1,0.71,3.11,
2018-04-11 11:45:00,0.09,0.66,3.04,
2018-04-11 12:00:00,0.09,0.67,3.03,
2018-04-11 12:15:00,0.1,0.68,3.07,
2018-04-11 12:30:00,0.09,0.63,3.06,
2018-04-11 12:45:00,0.09,0.65,3.14,
2018-04-11 13:00:00,0.1,0.68,3.17,
2018-04-11 13:15:00,0.09,0.66,3.06,
2018-04-11 13:30:00,0.1,0.72,3.04,
2018-04-11 13:45:00,0.09,0.66,3.02,
2018-04-11 14:00:00,0.1,0.7,3.15,
2018-04-11 14:15:00,0.08,0.62,3.0,
2018-04-11 14:30:00,0.1,0.7,3.02,
2018-04-11 14:45:00,0.07,0.5,3.14,
2018-04-11 15:00:00,0.09,0.69,2.98,
2018-04-11 15:15:00,0.09,0.63,3.01,
2018-04-11 15:30:00,0.1,0.73,2.99,
2018-04-11 15:45:00,0.1,0.69,3.06,
2018-04-11 16:00:00,0.1,0.68,3.08,
2018-04-11 16:15:00,0.09,0.66,3.06,
2018-04-11 16:30:00,0.1,0.73,3.05,
2018-04-11 16:45:00,0.09,0.59,3.25,
2018-04-11 17:00:00,0.11,0.75,3.12,
2018-04-11 17:15:00,0.1,0.72,3.07,
2018-04-11 17:30:00,0.1,0.73,3.03,
2018-04-11 17:45:00,0.1,0.73,3.07,
2018-04-11 18:00:00,0.1,0.7,3.09,
2018-04-11 18:15:00,0.1,0.7,3.2,
2018-04-11 18:30:00,0.09,0.63,3.11,
2018-04-11 18:45:00,0.1,0.7,3.1,
2018-04-11 19:00:00,0.09,0.65,3.14,
2018-04-11 19:15:00,0.1,0.67,3.1,
2018-04-11 19:30:00,0.1,0.69,3.22,
2018-04-11 19:45:00,0.1,0.7,3.13,
2018-04-11 20:00:00,0.09,0.66,3.09,
2018-04-11 20:15:00,0.09,0.63,3.06,
2018-04-11 20:30:00,0.1,0.7,3.06,
2018-04-11 20:45:00,0.11,0.75,3.24,
2018-04-11 21:00:00,0.09,0.62,3.11,
2018-04-11 21:15:00,0.09,0.66,3.08,
2018-04-11 21:30:00,0.11,0.71,3.23,
2018-04-11 21:45:00,0.11,0.71,3.19,
2018-04-11 22:00:00,0.1,0.68,3.22,
2018-04-11 22:15:00,0.11,0.75,3.22,
2018-04-11 22:30:00,0.1,0.72,3.1,
2018-04-11 22:45:00,0.09,0.61,3.26,
2018-04-11 23:00:00,0.1,0.71,3.17,
2018-04-11 23:15:00,0.09,0.63,3.08,
2018-04-11 23:30:00,0.1,0.71,3.12,
2018-04-11 23:45:00,0.1,0.71,2.99,
2018-04-12 00:00:00,0.09,0.66,2.94,
2018-04-12 00:15:00,0.08,0.59,3.04,
2018-04-12 00:30:00,0.09,0.66,3.02,
2018-04-12 00:45:00,0.09,0.63,3.0,
2018-04-12 01:00:00,0.08,0.64,2.93,
2018-04-12 01:15:00,0.09,0.65,2.98,
2018-04-12 01:30:00,0.09,0.67,2.95,
2018-04-12 01:45:00,0.09,0.64,2.96,
2018-04-12 02:00:00,0.09,0.65,2.93,
2018-04-12 02:15:00,0.09,0.66,2.95,
2018-04-12 02:30:00,0.08,0.62,2.94,
2018-04-12 02:45:00,0.08,0.64,2.95,
2018-04-12 03:00:00,0.09,0.69,2.97,
2018-04-12 03:15:00,0.09,0.66,3.0,
2018-04-12 03:30:00,0.09,0.7,2.96,
2018-04-12 03:45:00,0.09,0.65,2.98,
2018-04-12 04:00:00,0.09,0.7,2.99,
2018-04-12 04:15:00,0.09,0.7,2.98,
2018-04-12 04:30:00,0.1,0.7,2.99,
2018-04-12 04:45:00,0.09,0.68,2.99,
2018-04-12 05:00:00,0.11,0.77,3.1,
2018-04-12 05:15:00,0.09,0.68,2.96,
2018-04-12 05:30:00,0.1,0.76,3.01,
2018-04-12 05:45:00,0.11,0.79,3.06,
2018-04-12 06:00:00,0.1,0.72,3.06,
2018-04-12 06:15:00,0.1,0.73,3.05,
2018-04-12 06:30:00,0.1,0.73,3.0,
2018-04-12 06:45:00,0.1,0.71,3.03,
2018-04-12 07:00:00,0.1,0.0,3.08,
2018-04-12 07:15:00,0.11,0.78,3.1,
2018-04-12 07:30:00,0.1,0.72,3.1,
2018-04-12 07:45:00,0.1,0.69,3.2,
2018-04-12 08:00:00,0.11,0.75,3.15,
2018-04-12 08:15:00,0.1,0.71,3.15,
2018-04-12 08:30:00,0.1,0.68,3.15,
2018-04-12 08:45:00,0.1,0.72,3.06,
2018-04-12 09:00:00,0.1,0.7,3.06,
2018-04-12 09:15:00,0.11,0.75,3.15,
2018-04-12 09:30:00,0.11,0.76,3.11,
2018-04-12 09:45:00,0.1,0.67,3.14,
2018-04-12 10:00:00,0.09,0.66,3.08,
2018-04-12 10:15:00,0.1,0.71,3.06,
2018-04-12 10:30:00,0.11,0.77,3.18,
2018-04-12 10:45:00,0.11,0.71,3.18,
2018-04-12 11:00:00,0.11,0.72,3.19,
2018-04-12 11:15:00,0.1,0.71,3.1,
2018-04-12 11:30:00,0.1,0.68,3.12,
2018-04-12 11:45:00,0.0,0.0,0.0,
2018-04-12 12:00:00,0.06,0.43,3.06,
2018-04-12 12:15:00,0.1,0.73,3.09,
2018-04-12 12:30:00,0.1,0.73,3.04,
2018-04-12 12:45:00,0.12,0.84,3.06,
2018-04-12 13:00:00,0.09,0.66,3.04,
2018-04-12 13:15:00,0.09,0.65,3.03,
2018-04-12 13:30:00,0.1,0.71,3.02,
2018-04-12 13:45:00,0.09,0.63,3.08,
2018-04-12 14:00:00,0.13,0.92,3.05,
2018-04-12 14:15:00,0.09,0.68,3.03,
2018-04-12 14:30:00,0.09,0.67,3.0,
2018-04-12 14:45:00,0.1,0.72,3.12,
2018-04-12 15:00:00,0.09,0.68,3.05,
2018-04-12 15:15:00,0.09,0.66,3.07,
2018-04-12 15:30:00,0.1,0.74,3.06,
2018-04-12 15:45:00,0.1,0.7,3.03,
2018-04-12 16:00:00,0.1,0.7,3.06,
2018-04-12 16:15:00,0.1,0.71,3.04,
2018-04-12 16:30:00,0.1,0.75,3.02,
2018-04-12 16:45:00,0.11,0.74,3.13,
2018-04-12 17:00:00,0.11,0.78,3.12,
2018-04-12 17:15:00,0.1,0.72,3.11,
2018-04-12 17:30:00,0.1,0.64,3.25,
2018-04-12 17:45:00,0.11,0.73,3.16,
2018-04-12 18:00:00,0.09,0.62,3.1,
2018-04-12 18:15:00,0.1,0.68,3.1,
2018-04-12 18:30:00,0.09,0.67,3.08,
2018-04-12 18:45:00,0.1,0.67,3.17,
2018-04-12 19:00:00,0.09,0.65,3.09,
2018-04-12 19:15:00,0.1,0.71,3.17,
2018-04-12 19:30:00,0.1,0.69,3.2,
2018-04-12 19:45:00,0.09,0.66,3.05,
2018-04-12 20:00:00,0.11,0.79,3.12,
2018-04-12 20:15:00,0.11,0.7,3.22,
2018-04-12 20:30:00,0.09,0.61,3.21,
2018-04-12 20:45:00,0.08,0.59,3.02,
2018-04-12 21:00:00,0.09,0.62,3.04,
2018-04-12 21:15:00,0.1,0.67,3.1,
2018-04-12 21:30:00,0.1,0.69,3.13,
2018-04-12 21:45:00,0.14,0.89,3.27,
2018-04-12 22:00:00,0.1,0.68,3.1,
2018-04-12 22:15:00,0.1,0.71,3.17,
2018-04-12 22:30:00,0.1,0.64,3.25,
2018-04-12 22:45:00,0.1,0.7,3.18,
2018-04-12 23:00:00,0.09,0.6,3.23,
2018-04-12 23:15:00,0.09,0.64,3.13,
2018-04-12 23:30:00,0.1,0.72,3.05,
2018-04-12 23:45:00,0.09,0.64,2.97,
2018-04-13 00:00:00,0.09,0.67,2.96,
2018-04-13 00:15:00,0.09,0.65,2.93,
2018-04-13 00:30:00,0.09,0.64,3.0,
2018-04-13 00:45:00,0.1,0.76,2.98,
2018-04-13 01:00:00,0.09,0.66,2.96,
2018-04-13 01:15:00,0.07,0.52,2.94,
2018-04-13 01:30:00,0.07,0.56,2.93,
2018-04-13 01:45:00,0.08,0.63,2.92,
2018-04-13 02:00:00,0.08,0.6,2.92,
2018-04-13 02:15:00,0.09,0.65,2.95,
2018-04-13 02:30:00,0.09,0.71,2.91,
2018-04-13 02:45:00,0.08,0.62,2.95,
2018-04-13 03:00:00,0.09,0.7,2.95,
2018-04-13 03:15:00,0.1,0.73,2.94,
2018-04-13 03:30:00,0.09,0.69,2.95,
2018-04-13 03:45:00,0.09,0.69,2.95,
2018-04-13 04:00:00,0.09,0.7,2.96,
2018-04-13 04:15:00,0.09,0.67,2.93,
2018-04-13 04:30:00,0.09,0.69,2.93,
2018-04-13 04:45:00,0.09,0.7,2.95,
2018-04-13 05:00:00,0.09,0.68,2.97,
2018-04-13 05:15:00,0.1,0.73,2.98,
2018-04-13 05:30:00,0.1,0.72,3.01,
2018-04-13 05:45:00,0.1,0.72,3.09,
2018-04-13 06:00:00,0.1,0.71,3.0,
2018-04-13 06:15:00,0.09,0.69,3.01,
2018-04-13 06:30:00,0.1,0.68,3.07,
2018-04-13 06:45:00,0.1,0.76,3.04,
2018-04-13 07:00:00,0.1,0.69,3.12,
2018-04-13 07:15:00,0.0,0.0,0.0,
2018-04-13 07:30:00,0.1,0.73,3.07,
2018-04-13 07:45:00,0.0,0.0,0.0,
2018-04-13 08:00:00,0.1,0.68,3.25,
2018-04-13 08:15:00,0.0,0.0,0.0,
2018-04-13 08:30:00,0.12,0.78,3.23,
2018-04-13 08:45:00,0.0,0.0,0.0,
2018-04-13 09:00:00,0.1,0.68,3.07,
2018-04-13 09:15:00,0.0,0.0,0.0,
2018-04-13 09:30:00,0.1,0.72,2.98,
2018-04-13 09:45:00,0.0,0.0,0.0,
2018-04-13 10:00:00,0.09,0.67,3.04,
2018-04-13 10:15:00,0.0,0.0,0.0,
2018-04-13 10:30:00,0.13,0.9,3.18,
2018-04-13 10:45:00,0.0,0.0,0.0,
2018-04-13 11:00:00,0.1,0.72,3.02,
2018-04-13 11:15:00,0.0,0.0,0.0,
2018-04-13 11:30:00,0.09,0.67,2.99,
2018-04-13 11:45:00,0.0,0.0,0.0,
2018-04-13 12:00:00,0.09,0.0,2.99,
2018-04-13 12:15:00,0.09,0.63,3.0,
2018-04-13 12:30:00,0.09,0.0,3.01,
2018-04-13 12:45:00,0.09,0.67,3.03,
2018-04-13 13:00:00,0.0,0.0,0.0,
2018-04-13 13:15:00,0.09,0.69,3.0,
2018-04-13 13:30:00,0.1,0.71,3.0,
2018-04-13 13:45:00,0.0,0.0,0.0,
2018-04-13 14:00:00,0.1,0.0,3.01,
2018-04-13 14:15:00,0.1,0.0,3.02,
2018-04-13 14:30:00,0.1,0.0,2.99,
2018-04-13 14:45:00,0.1,0.0,3.01,
2018-04-13 15:00:00,0.1,0.0,3.0,
2018-04-13 15:15:00,0.1,0.0,2.99,
2018-04-13 15:30:00,0.1,0.0,3.03,
2018-04-13 15:45:00,0.1,0.0,3.03,
2018-04-25 09:45:00,,,,0.0
2018-04-25 10:00:00,,,,0.01
2018-04-25 10:15:00,,,,0.0
2018-04-25 10:30:00,,,,0.0
2018-04-25 10:45:00,,,,0.0
2018-04-25 11:00:00,,,,0.0
2018-04-25 11:15:00,,,,0.0
2018-04-25 11:30:00,,,,0.0
2018-04-25 11:45:00,,,,0.0
2018-04-25 12:00:00,,,,0.0
2018-04-25 12:15:00,,,,0.0
2018-04-25 12:30:00,,,,0.0
2018-04-25 12:45:00,,,,0.0
2018-04-25 13:00:00,,,,0.0
2018-04-25 13:15:00,,,,0.0
2018-04-25 13:30:00,,,,0.0
2018-04-25 13:45:00,,,,0.0
2018-04-25 14:00:00,,,,0.0
2018-04-25 14:15:00,,,,0.0
2018-04-25 14:30:00,,,,0.0
2018-04-25 14:45:00,,,,0.0
2018-04-25 15:00:00,,,,0.0
2018-04-25 15:15:00,,,,0.0
2018-04-25 15:30:00,,,,0.0
2018-04-25 15:45:00,,,,0.0
2018-04-25 16:00:00,,,,0.0
2018-04-25 16:15:00,,,,0.0
2018-04-25 16:30:00,,,,0.0
2018-04-25 16:45:00,,,,0.0
2018-04-25 17:00:00,,,,0.0
2018-04-25 17:15:00,,,,0.0
2018-04-25 17:30:00,,,,0.0
2018-04-25 17:45:00,,,,0.0
2018-04-25 18:00:00,,,,0.0
2018-04-25 18:15:00,,,,0.0
2018-04-25 18:30:00,,,,0.0
2018-04-25 18:45:00,,,,0.0
2018-04-25 19:00:00,,,,0.0
2018-04-25 19:15:00,,,,0.0
2018-04-25 19:30:00,,,,0.0
2018-04-25 19:45:00,,,,0.0
2018-04-25 20:00:00,,,,0.0
2018-04-25 20:15:00,,,,0.0
2018-04-25 20:30:00,,,,0.0
2018-04-25 20:45:00,,,,0.0
2018-04-25 21:00:00,,,,0.0
2018-04-25 21:15:00,,,,0.0
2018-04-25 21:30:00,,,,0.0
2018-04-25 21:45:00,,,,0.0
2018-04-25 22:00:00,,,,0.0
2018-04-25 22:15:00,,,,0.0
2018-04-25 22:30:00,,,,0.0
2018-04-25 22:45:00,,,,0.0
2018-04-25 23:00:00,,,,0.0
2018-04-25 23:15:00,,,,0.0
2018-04-25 23:30:00,,,,0.0
2018-04-25 23:45:00,,,,0.0
2018-04-26 00:00:00,,,,0.0
2018-04-26 00:15:00,,,,0.0
2018-04-26 00:30:00,,,,0.0
2018-04-26 00:45:00,,,,0.0
2018-04-26 01:00:00,,,,0.0
2018-04-26 01:15:00,,,,0.0
2018-04-26 01:30:00,,,,0.0
2018-04-26 01:45:00,,,,0.0
2018-04-26 02:00:00,,,,0.0
2018-04-26 02:15:00,,,,0.0
2018-04-26 02:30:00,,,,0.0
2018-04-26 02:45:00,,,,0.0
2018-04-26 03:00:00,,,,0.0
2018-04-26 03:15:00,,,,0.0
2018-04-26 03:30:00,,,,0.0
2018-04-26 03:45:00,,,,0.0
2018-04-26 04:00:00,,,,0.0
2018-04-26 04:15:00,,,,0.0
2018-04-26 04:30:00,,,,0.0
2018-04-26 04:45:00,,,,0.0
2018-04-26 05:00:00,,,,0.0
2018-04-26 05:15:00,,,,0.0
2018-04-26 05:30:00,,,,0.0
2018-04-26 05:45:00,,,,0.0
2018-04-26 06:00:00,,,,0.0
2018-04-26 06:15:00,,,,0.0
2018-04-26 06:30:00,,,,0.0
2018-04-26 06:45:00,,,,0.0
2018-04-26 07:00:00,,,,0.0
2018-04-26 07:15:00,,,,0.0
2018-04-26 07:30:00,,,,0.0
2018-04-26 07:45:00,,,,0.0
2018-04-26 08:00:00,,,,0.0
2018-04-26 08:15:00,,,,0.0
2018-04-26 08:30:00,,,,0.0
2018-04-26 08:45:00,,,,0.0
2018-04-26 09:00:00,,,,0.0
2018-04-26 09:15:00,,,,0.0
2018-04-26 09:30:00,,,,0.0
2018-04-26 09:45:00,,,,0.0
2018-04-26 10:00:00,,,,0.0
2018-04-26 10:15:00,,,,0.0
2018-04-26 10:30:00,,,,0.0
2018-04-26 10:45:00,,,,0.0
2018-04-26 11:00:00,,,,0.0
2018-04-26 11:15:00,,,,0.0
2018-04-26 11:30:00,,,,0.0
2018-04-26 11:45:00,,,,0.0
2018-04-26 12:00:00,,,,0.0
2018-04-26 12:15:00,,,,0.0
2018-04-26 12:30:00,,,,0.0
2018-04-26 12:45:00,,,,0.0
2018-04-26 13:00:00,,,,0.0
2018-04-26 13:15:00,,,,0.0
2018-04-26 13:30:00,,,,0.0
2018-04-26 13:45:00,,,,0.02
2018-04-26 14:00:00,,,,0.04
2018-04-26 14:15:00,,,,0.06
2018-04-26 14:30:00,,,,0.06
2018-04-26 14:45:00,,,,0.02
2018-04-26 15:00:00,,,,0.01
2018-04-26 15:15:00,,,,0.02
2018-04-26 15:30:00,,,,0.0
2018-04-26 15:45:00,,,,0.0
2018-04-26 16:00:00,,,,0.0
2018-04-26 16:15:00,,,,0.0
2018-04-26 16:30:00,,,,0.0
2018-04-26 16:45:00,,,,0.0
2018-04-26 17:00:00,,,,0.0
2018-04-26 17:15:00,,,,0.0
2018-04-26 17:30:00,,,,0.0
2018-04-26 17:45:00,,,,0.0
2018-04-26 18:00:00,,,,0.0
2018-04-26 18:15:00,,,,0.0
2018-04-26 18:30:00,,,,0.0
2018-04-26 18:45:00,,,,0.0
2018-04-26 19:00:00,,,,0.0
2018-04-26 19:15:00,,,,0.0
2018-04-26 19:30:00,,,,0.0
2018-04-26 19:45:00,,,,0.0
2018-04-26 20:00:00,,,,0.0
2018-04-26 20:15:00,,,,0.0
2018-04-26 20:30:00,,,,0.0
2018-04-26 20:45:00,,,,0.0
2018-04-26 21:00:00,,,,0.0
2018-04-26 21:15:00,,,,0.0
2018-04-26 21:30:00,,,,0.0
2018-04-26 21:45:00,,,,0.0
2018-04-26 22:00:00,,,,0.0
2018-04-26 22:15:00,,,,0.0
2018-04-26 22:30:00,,,,0.0
2018-04-26 22:45:00,,,,0.0
2018-04-26 23:00:00,,,,0.0
2018-04-26 23:15:00,,,,0.0
2018-04-26 23:30:00,,,,0.0
2018-04-26 23:45:00,,,,0.0
2018-04-27 00:00:00,,,,0.0
2018-04-27 00:15:00,,,,0.0
2018-04-27 00:30:00,,,,0.0
2018-04-27 00:45:00,,,,0.0
2018-04-27 01:00:00,,,,0.0
2018-04-27 01:15:00,,,,0.0
2018-04-27 01:30:00,,,,0.0
2018-04-27 01:45:00,,,,0.0
2018-04-27 02:00:00,,,,0.0
2018-04-27 02:15:00,,,,0.0
2018-04-27 02:30:00,,,,0.0
2018-04-27 02:45:00,,,,0.0
2018-04-27 03:00:00,,,,0.0
2018-04-27 03:15:00,,,,0.0
2018-04-27 03:30:00,,,,0.0
2018-04-27 03:45:00,,,,0.0
2018-04-27 04:00:00,,,,0.0
2018-04-27 04:15:00,,,,0.0
2018-04-27 04:30:00,,,,0.0
2018-04-27 04:45:00,,,,0.0
2018-04-27 05:00:00,,,,0.0
2018-04-27 05:15:00,,,,0.0
2018-04-27 05:30:00,,,,0.0
2018-04-27 05:45:00,,,,0.0
2018-04-27 06:00:00,,,,0.0
2018-04-27 06:15:00,,,,0.0
2018-04-27 06:30:00,,,,0.0
2018-04-27 06:45:00,,,,0.0
2018-04-27 07:00:00,,,,0.0
2018-04-27 07:15:00,,,,0.0
2018-04-27 07:30:00,,,,0.0
2018-04-27 07:45:00,,,,0.0
2018-04-27 08:00:00,,,,0.0
2018-04-27 08:15:00,,,,0.0
2018-04-27 08:30:00,,,,0.0
2018-04-27 08:45:00,,,,0.0
2018-04-27 09:00:00,,,,0.0
2018-04-27 09:15:00,,,,0.0
2018-04-27 09:30:00,,,,0.0
2018-04-27 09:45:00,,,,0.0
2018-04-27 10:00:00,,,,0.0
2018-04-27 10:15:00,,,,0.0
2018-04-27 10:30:00,,,,0.0
2018-04-27 10:45:00,,,,0.0
2018-04-27 11:00:00,,,,0.0
2018-04-27 11:15:00,,,,0.0
2018-04-27 11:30:00,,,,0.0
2018-04-27 11:45:00,,,,0.0
2018-04-27 12:00:00,,,,0.0
2018-04-27 12:15:00,,,,0.0
2018-04-27 12:30:00,,,,0.0
2018-04-27 12:45:00,,,,0.0
2018-04-27 13:00:00,,,,0.0
2018-04-27 13:15:00,,,,0.0
2018-04-27 13:30:00,,,,0.0
2018-04-27 13:45:00,,,,0.0
2018-04-27 14:00:00,,,,0.0
2018-04-27 14:15:00,,,,0.0
2018-04-27 14:30:00,,,,0.0
2018-04-27 14:45:00,,,,0.0
2018-04-27 15:00:00,,,,0.0
2018-04-27 15:15:00,,,,0.0
2018-04-27 15:30:00,,,,0.0
2018-04-27 15:45:00,,,,0.0
2018-04-27 16:00:00,,,,0.0
2018-04-27 16:15:00,,,,0.0
2018-04-27 16:30:00,,,,0.0
2018-04-27 16:45:00,,,,0.0
2018-04-27 17:00:00,,,,0.0
2018-04-27 17:15:00,,,,0.0
2018-04-27 17:30:00,,,,0.0
2018-04-27 17:45:00,,,,0.0
2018-04-27 18:00:00,,,,0.0
2018-04-27 18:15:00,,,,0.0
2018-04-27 18:30:00,,,,0.0
2018-04-27 18:45:00,,,,0.0
2018-04-27 19:00:00,,,,0.0
2018-04-27 19:15:00,,,,0.0
2018-04-27 19:30:00,,,,0.0
2018-04-27 19:45:00,,,,0.0
2018-04-27 20:00:00,,,,0.0
2018-04-27 20:15:00,,,,0.0
2018-04-27 20:30:00,,,,0.0
2018-04-27 20:45:00,,,,0.0
2018-04-27 21:00:00,,,,0.0
2018-04-27 21:15:00,,,,0.0
2018-04-27 21:30:00,,,,0.0
2018-04-27 21:45:00,,,,0.0
2018-04-27 22:00:00,,,,0.0
2018-04-27 22:15:00,,,,0.0
2018-04-27 22:30:00,,,,0.0
2018-04-27 22:45:00,,,,0.0
2018-04-27 23:00:00,,,,0.0
2018-04-27 23:15:00,,,,0.0
2018-04-27 23:30:00,,,,0.0
2018-04-27 23:45:00,,,,0.0
2018-04-28 00:00:00,,,,0.0
2018-04-28 00:15:00,,,,0.0
2018-04-28 00:30:00,,,,0.0
2018-04-28 00:45:00,,,,0.0
2018-04-28 01:00:00,,,,0.0
2018-04-28 01:15:00,,,,0.0
2018-04-28 01:30:00,,,,0.0
2018-04-28 01:45:00,,,,0.0
2018-04-28 02:00:00,,,,0.0
2018-04-28 02:15:00,,,,0.0
2018-04-28 02:30:00,,,,0.0
2018-04-28 02:45:00,,,,0.0
2018-04-28 03:00:00,,,,0.0
2018-04-28 03:15:00,,,,0.0
2018-04-28 03:30:00,,,,0.0
2018-04-28 03:45:00,,,,0.0
2018-04-28 04:00:00,,,,0.0
2018-04-28 04:15:00,,,,0.0
2018-04-28 04:30:00,,,,0.0
2018-04-28 04:45:00,,,,0.0
2018-04-28 05:00:00,,,,0.0
2018-04-28 05:15:00,,,,0.0
2018-04-28 05:30:00,,,,0.0
2018-04-28 05:45:00,,,,0.0
2018-04-28 06:00:00,,,,0.0
2018-04-28 06:15:00,,,,0.0
2018-04-28 06:30:00,,,,0.0
2018-04-28 06:45:00,,,,0.0
2018-04-28 07:00:00,,,,0.0
2018-04-28 07:15:00,,,,0.0
2018-04-28 07:30:00,,,,0.0
2018-04-28 07:45:00,,,,0.0
2018-04-28 08:00:00,,,,0.0
2018-04-28 08:15:00,,,,0.0
2018-04-28 08:30:00,,,,0.0
2018-04-28 08:45:00,,,,0.0
2018-04-28 09:00:00,,,,0.0
2018-04-28 09:15:00,,,,0.0
2018-04-28 09:30:00,,,,0.0
2018-04-28 09:45:00,,,,0.0
2018-04-28 10:00:00,,,,0.0
2018-04-28 10:15:00,,,,0.0
2018-04-28 10:30:00,,,,0.0
2018-04-28 10:45:00,,,,0.0
2018-04-28 11:00:00,,,,0.0
2018-04-28 11:15:00,,,,0.0
2018-04-28 11:30:00,,,,0.0
2018-04-28 11:45:00,,,,0.0
2018-04-28 12:00:00,,,,0.0
2018-04-28 12:15:00,,,,0.0
2018-04-28 12:30:00,,,,0.0
2018-04-28 12:45:00,,,,0.0
2018-04-28 13:00:00,,,,0.0
2018-04-28 13:15:00,,,,0.0
2018-04-28 13:30:00,,,,0.0
2018-04-28 13:45:00,,,,0.0
2018-04-28 14:00:00,,,,0.0
2018-04-28 14:15:00,,,,0.0
2018-04-28 14:30:00,,,,0.0
2018-04-28 14:45:00,,,,0.0
2018-04-28 15:00:00,,,,0.0
2018-04-28 15:15:00,,,,0.0
2018-04-28 15:30:00,,,,0.0
2018-04-28 15:45:00,,,,0.0
2018-04-28 16:00:00,,,,0.0
2018-04-28 16:15:00,,,,0.0
2018-04-28 16:30:00,,,,0.0
2018-04-28 16:45:00,,,,0.0
2018-04-28 17:00:00,,,,0.0
2018-04-28 17:15:00,,,,0.0
2018-04-28 17:30:00,,,,0.0
2018-04-28 17:45:00,,,,0.0
2018-04-28 18:00:00,,,,0.0
2018-04-28 18:15:00,,,,0.0
2018-04-28 18:30:00,,,,0.0
2018-04-28 18:45:00,,,,0.0
2018-04-28 19:00:00,,,,0.0
2018-04-28 19:15:00,,,,0.0
2018-04-28 19:30:00,,,,0.0
2018-04-28 19:45:00,,,,0.0
2018-04-28 20:00:00,,,,0.0
2018-04-28 20:15:00,,,,0.0
2018-04-28 20:30:00,,,,0.0
2018-04-28 20:45:00,,,,0.0
2018-04-28 21:00:00,,,,0.0
2018-04-28 21:15:00,,,,0.0
2018-04-28 21:30:00,,,,0.0
2018-04-28 21:45:00,,,,0.0
2018-04-28 22:00:00,,,,0.0
2018-04-28 22:15:00,,,,0.0
2018-04-28 22:30:00,,,,0.0
2018-04-28 22:45:00,,,,0.0
2018-04-28 23:00:00,,,,0.0
2018-04-28 23:15:00,,,,0.0
2018-04-28 23:30:00,,,,0.0
2018-04-28 23:45:00,,,,0.0
2018-04-29 00:00:00,,,,0.0
2018-04-29 00:15:00,,,,0.0
2018-04-29 00:30:00,,,,0.0
2018-04-29 00:45:00,,,,0.0
2018-04-29 01:00:00,,,,0.0
2018-04-29 01:15:00,,,,0.0
2018-04-29 01:30:00,,,,0.0
2018-04-29 01:45:00,,,,0.0
2018-04-29 02:00:00,,,,0.0
2018-04-29 02:15:00,,,,0.0
2018-04-29 02:30:00,,,,0.0
2018-04-29 02:45:00,,,,0.0
2018-04-29 03:00:00,,,,0.0
2018-04-29 03:15:00,,,,0.0
2018-04-29 03:30:00,,,,0.0
2018-04-29 03:45:00,,,,0.0
2018-04-29 04:00:00,,,,0.0
2018-04-29 04:15:00,,,,0.0
2018-04-29 04:30:00,,,,0.0
2018-04-29 04:45:00,,,,0.0
2018-04-29 05:00:00,,,,0.0
2018-04-29 05:15:00,,,,0.0
2018-04-29 05:30:00,,,,0.0
2018-04-29 05:45:00,,,,0.0
2018-04-29 06:00:00,,,,0.0
2018-04-29 06:15:00,,,,0.0
2018-04-29 06:30:00,,,,0.0
2018-04-29 06:45:00,,,,0.0
2018-04-29 07:00:00,,,,0.0
2018-04-29 07:15:00,,,,0.0
2018-04-29 07:30:00,,,,0.0
2018-04-29 07:45:00,,,,0.0
2018-04-29 08:00:00,,,,0.0
2018-04-29 08:15:00,,,,0.0
2018-04-29 08:30:00,,,,0.0
2018-04-29 08:45:00,,,,0.0
2018-04-29 09:00:00,,,,0.0
2018-04-29 09:15:00,,,,0.0
2018-04-29 09:30:00,,,,0.0
2018-04-29 09:45:00,,,,0.0
2018-04-29 10:00:00,,,,0.0
2018-04-29 10:15:00,,,,0.0
2018-04-29 10:30:00,,,,0.0
2018-04-29 10:45:00,,,,0.0
2018-04-29 11:00:00,,,,0.0
2018-04-29 11:15:00,,,,0.0
2018-04-29 11:30:00,,,,0.0
2018-04-29 11:45:00,,,,0.0
2018-04-29 12:00:00,,,,0.0
2018-04-29 12:15:00,,,,0.0
2018-04-29 12:30:00,,,,0.0
2018-04-29 12:45:00,,,,0.0
2018-04-29 13:00:00,,,,0.0
2018-04-29 13:15:00,,,,0.0
2018-04-29 13:30:00,,,,0.0
2018-04-29 13:45:00,,,,0.0
2018-04-29 14:00:00,,,,0.0
2018-04-29 14:15:00,,,,0.0
2018-04-29 14:30:00,,,,0.0
2018-04-29 14:45:00,,,,0.0
2018-04-29 15:00:00,,,,0.0
2018-04-29 15:15:00,,,,0.0
2018-04-29 15:30:00,,,,0.0
2018-04-29 15:45:00,,,,0.0
2018-04-29 16:00:00,,,,0.0
2018-04-29 16:15:00,,,,0.0
2018-04-29 16:30:00,,,,0.0
2018-04-29 16:45:00,,,,0.0
2018-04-29 17:00:00,,,,0.0
2018-04-29 17:15:00,,,,0.0
2018-04-29 17:30:00,,,,0.0
2018-04-29 17:45:00,,,,0.0
2018-04-29 18:00:00,,,,0.0
2018-04-29 18:15:00,,,,0.0
2018-04-29 18:30:00,,,,0.0
2018-04-29 18:45:00,,,,0.0
2018-04-29 19:00:00,,,,0.0
2018-04-29 19:15:00,,,,0.0
2018-04-29 19:30:00,,,,0.0
2018-04-29 19:45:00,,,,0.0
2018-04-29 20:00:00,,,,0.0
2018-04-29 20:15:00,,,,0.0
2018-04-29 20:30:00,,,,0.0
2018-04-29 20:45:00,,,,0.0
2018-04-29 21:00:00,,,,0.0
2018-04-29 21:15:00,,,,0.0
2018-04-29 21:30:00,,,,0.0
2018-04-29 21:45:00,,,,0.0
2018-04-29 22:00:00,,,,0.0
2018-04-29 22:15:00,,,,0.0
2018-04-29 22:30:00,,,,0.0
2018-04-29 22:45:00,,,,0.0
2018-04-29 23:00:00,,,,0.0
2018-04-29 23:15:00,,,,0.0
2018-04-29 23:30:00,,,,0.0
2018-04-29 23:45:00,,,,0.0
2018-04-30 00:00:00,,,,0.0
2018-04-30 00:15:00,,,,0.0
2018-04-30 00:30:00,,,,0.0
2018-04-30 00:45:00,,,,0.0
2018-04-30 01:00:00,,,,0.0
2018-04-30 01:15:00,,,,0.0
2018-04-30 01:30:00,,,,0.0
2018-04-30 01:45:00,,,,0.0
2018-04-30 02:00:00,,,,0.0
2018-04-30 02:15:00,,,,0.0
2018-04-30 02:30:00,,,,0.0
2018-04-30 02:45:00,,,,0.0
2018-04-30 03:00:00,,,,0.0
2018-04-30 03:15:00,,,,0.0
2018-04-30 03:30:00,,,,0.0
2018-04-30 03:45:00,,,,0.0
2018-04-30 04:00:00,,,,0.0
2018-04-30 04:15:00,,,,0.0
2018-04-30 04:30:00,,,,0.0
2018-04-30 04:45:00,,,,0.0
2018-04-30 05:00:00,,,,0.0
2018-04-30 05:15:00,,,,0.0
2018-04-30 05:30:00,,,,0.0
2018-04-30 05:45:00,,,,0.0
2018-04-30 06:00:00,,,,0.0
2018-04-30 06:15:00,,,,0.0
2018-04-30 06:30:00,,,,0.0
2018-04-30 06:45:00,,,,0.0
2018-04-30 07:00:00,,,,0.0
2018-04-30 07:15:00,,,,0.0
2018-04-30 07:30:00,,,,0.0
2018-04-30 07:45:00,,,,0.0
2018-04-30 08:00:00,,,,0.0
2018-04-30 08:15:00,,,,0.0
2018-04-30 08:30:00,,,,0.0
2018-04-30 08:45:00,,,,0.0
2018-04-30 09:00:00,,,,0.0
2018-04-30 09:15:00,,,,0.0
2018-04-30 09:30:00,,,,0.0
2018-04-30 09:45:00,,,,0.0
2018-04-30 10:00:00,,,,0.0
2018-04-30 10:15:00,,,,0.0
2018-04-30 10:30:00,,,,0.0
2018-04-30 10:45:00,,,,0.0
2018-04-30 11:00:00,,,,0.0
2018-04-30 11:15:00,,,,0.0
2018-04-30 11:30:00,,,,0.0
2018-04-30 11:45:00,,,,0.0
2018-04-30 12:00:00,,,,0.0
2018-04-30 12:15:00,,,,0.0
2018-04-30 12:30:00,,,,0.0
2018-04-30 12:45:00,,,,0.0
2018-04-30 13:00:00,,,,0.0
2018-04-30 13:15:00,,,,0.0
2018-04-30 13:30:00,,,,0.0
2018-04-30 13:45:00,,,,0.0
2018-04-30 14:00:00,,,,0.0
2018-04-30 14:15:00,,,,0.0
2018-04-30 14:30:00,,,,0.0
2018-04-30 14:45:00,,,,0.0
2018-04-30 15:00:00,,,,0.0
2018-04-30 15:15:00,,,,0.0
2018-04-30 15:30:00,,,,0.0
2018-04-30 15:45:00,,,,0.0
2018-04-30 16:00:00,,,,0.0
2018-04-30 16:15:00,,,,0.0
2018-04-30 16:30:00,,,,0.0
2018-04-30 16:45:00,,,,0.0
2018-04-30 17:00:00,,,,0.0
2018-04-30 17:15:00,,,,0.0
2018-04-30 17:30:00,,,,0.0
2018-04-30 17:45:00,,,,0.0
2018-04-30 18:00:00,,,,0.0
2018-04-30 18:15:00,,,,0.0
2018-04-30 18:30:00,,,,0.0
2018-04-30 18:45:00,,,,0.0
2018-04-30 19:00:00,,,,0.0
2018-04-30 19:15:00,,,,0.0
2018-04-30 19:30:00,,,,0.0
2018-04-30 19:45:00,,,,0.0
2018-04-30 20:00:00,,,,0.0
2018-04-30 20:15:00,,,,0.0
2018-04-30 20:30:00,,,,0.0
2018-04-30 20:45:00,,,,0.0
2018-04-30 21:00:00,,,,0.0
2018-04-30 21:15:00,,,,0.0
2018-04-30 21:30:00,,,,0.0
2018-04-30 21:45:00,,,,0.0
2018-04-30 22:00:00,,,,0.0
2018-04-30 22:15:00,,,,0.0
2018-04-30 22:30:00,,,,0.0
2018-04-30 22:45:00,,,,0.0
2018-04-30 23:00:00,,,,0.0
2018-04-30 23:15:00,,,,0.0
2018-04-30 23:30:00,,,,0.0
2018-04-30 23:45:00,,,,0.0
